-- phpMyAdmin SQL Dump
-- version 4.9.1
-- https://www.phpmyadmin.net/
--
-- Host: localhost
-- Generation Time: Oct 14, 2023 at 10:18 AM
-- Server version: 8.0.17
-- PHP Version: 7.3.10

SET SQL_MODE = "NO_AUTO_VALUE_ON_ZERO";
SET AUTOCOMMIT = 0;
START TRANSACTION;
SET time_zone = "+00:00";


/*!40101 SET @OLD_CHARACTER_SET_CLIENT=@@CHARACTER_SET_CLIENT */;
/*!40101 SET @OLD_CHARACTER_SET_RESULTS=@@CHARACTER_SET_RESULTS */;
/*!40101 SET @OLD_COLLATION_CONNECTION=@@COLLATION_CONNECTION */;
/*!40101 SET NAMES utf8mb4 */;

--
-- Database: `hubreak2_db`
--

-- --------------------------------------------------------

--
-- Table structure for table `carts`
--

CREATE TABLE `carts` (
  `ID` int(11) NOT NULL,
  `CustomerID` int(11) NOT NULL,
  `ResturantID` int(11) NOT NULL,
  `IsDelivered` tinyint(1) NOT NULL,
  `Date` date NOT NULL,
  `Description` varchar(255) NOT NULL
) ENGINE=InnoDB DEFAULT CHARSET=utf8mb4 COLLATE=utf8mb4_0900_ai_ci;

-- --------------------------------------------------------

--
-- Table structure for table `customers`
--

CREATE TABLE `customers` (
  `ID` int(11) NOT NULL,
  `Name` varchar(255) NOT NULL,
  `Email` varchar(255) NOT NULL,
  `Password` varchar(255) NOT NULL
) ENGINE=InnoDB DEFAULT CHARSET=utf8mb4 COLLATE=utf8mb4_0900_ai_ci;

--
-- Dumping data for table `customers`
--

INSERT INTO `customers` (`ID`, `Name`, `Email`, `Password`) VALUES
(1, 'Linda', 'lindaalnajjar55@gmail.com', 'Linda_0'),
(2, 'Sara', 'sarahamdan99@gmail.com', 'Sara66#'),
(3, 'Malak', 'malakfikri36@gmail.com', 'Malak12_'),
(4, 'Farah', 'farahshaheen44@gmail.com', 'Farah-9'),
(5, 'Sami', 'samikhateeb73@gmail.com', 'Sami8_8'),
(6, 'Shahed', 'shahdyousef6666@gmail.com', 'Shahd@23'),
(7, 'Omar', 'omarAburob56@gmail.com', 'Omar13&'),
(8, 'Ahmad', 'ahmadsisi66@gmail.com', 'Ahmad3$'),
(9, 'Raya', 'rayasaleh89@gmail.com', 'Raya4_6'),
(10, 'Lujain', 'lujainnn41@gmail.com', 'Luj8#7');

-- --------------------------------------------------------

--
-- Table structure for table `orders`
--

CREATE TABLE `orders` (
  `ID` int(11) NOT NULL,
  `ProductID` int(11) NOT NULL,
  `resturantID` int(11) NOT NULL,
  `Quantity` int(11) NOT NULL,
  `Description` varchar(255) NOT NULL
) ENGINE=InnoDB DEFAULT CHARSET=utf8mb4 COLLATE=utf8mb4_0900_ai_ci;

-- --------------------------------------------------------

--
-- Table structure for table `rate`
--

CREATE TABLE `rate` (
  `ID` int(11) NOT NULL,
  `CustomerID` int(11) NOT NULL,
  `ResturantID` int(11) NOT NULL,
  `Rate` int(11) NOT NULL,
  `Comment` varchar(255) CHARACTER SET utf8mb4 COLLATE utf8mb4_0900_ai_ci DEFAULT NULL
) ENGINE=InnoDB DEFAULT CHARSET=utf8mb4 COLLATE=utf8mb4_0900_ai_ci;

--
-- Dumping data for table `rate`
--

INSERT INTO `rate` (`ID`, `CustomerID`, `ResturantID`, `Rate`, `Comment`) VALUES
(1, 2, 1, 3, ' جيد جدا انصح به'),
(2, 6, 1, 4, 'لذيذ و يستحق التجربة انصح به'),
(3, 3, 1, 5, 'ازكى اشي عندهم الزنجر '),
(4, 5, 1, 2, 'يوجد مطاعم بالجامعة افضل منه و لكنه جيد بشكل عام'),
(5, 1, 1, 3, 'لا بأس جيد و لكن هناك بعض النقاط التي يجب العمل عليها من ناحية التنظيم و الوقت لاتمام الطلب'),
(6, 2, 2, 4, 'تعامل الموظفين لطيف عند استلام الطلب '),
(7, 10, 2, 3, 'جيد و لكن في بعض الاحيان يكون بارد '),
(8, 9, 3, 5, 'من اجمل و لروع مطاعم الجامعة.. انصح به و بشدة'),
(9, 7, 3, 4, 'جيد و الاكل ساخن مو بارد متل بعض المطاعم الاخرى'),
(10, 5, 4, 3, 'عادي يعني مو سيئ'),
(11, 6, 4, 3, 'جيد '),
(12, 4, 5, 2, 'مش أفضل اشي بالجامعة بس عادي يعني'),
(13, 2, 5, 3, 'ممكن ان يصبح افضل في حال العمل على بعض النقاط مثل التعامل مع الزبائن و التنظيم'),
(14, 3, 6, 3, 'عادي صراحه '),
(15, 1, 6, 5, 'اكتر مطعم بحبه بالجامعة بغض النظر عن رأي الآخرين');

-- --------------------------------------------------------

--
-- Table structure for table `resturantproducts`
--

CREATE TABLE `resturantproducts` (
  `productId` int(11) NOT NULL,
  `resturantId` int(11) NOT NULL
) ENGINE=InnoDB DEFAULT CHARSET=utf8mb4 COLLATE=utf8mb4_0900_ai_ci;

--
-- Dumping data for table `resturantproducts`
--

INSERT INTO `resturantproducts` (`productId`, `resturantId`) VALUES
(1, 1),
(1, 2),
(1, 3),
(1, 4),
(1, 5),
(1, 6),
(2, 1),
(2, 2),
(2, 3),
(2, 4),
(2, 5),
(2, 6),
(3, 1),
(3, 2),
(3, 3),
(3, 4),
(3, 5),
(3, 6),
(4, 1),
(4, 2),
(4, 3),
(4, 4),
(4, 5),
(4, 6),
(5, 1),
(5, 2),
(5, 3),
(5, 4),
(5, 5),
(5, 6),
(6, 1),
(6, 2),
(6, 3),
(6, 4),
(6, 5),
(6, 6),
(7, 1),
(7, 2),
(7, 3),
(7, 4),
(7, 5),
(7, 6),
(8, 1),
(8, 2),
(8, 3),
(8, 4),
(8, 5),
(8, 6),
(9, 1),
(9, 2),
(9, 3),
(9, 4),
(9, 5),
(9, 6),
(10, 1),
(10, 2),
(10, 3),
(10, 4),
(10, 5),
(10, 6),
(11, 1),
(11, 2),
(11, 3),
(11, 4),
(11, 5),
(11, 6),
(12, 1),
(12, 2),
(12, 3),
(12, 4),
(12, 5),
(12, 6),
(13, 1),
(13, 2),
(13, 3),
(13, 4),
(13, 5),
(13, 6),
(14, 1),
(14, 2),
(14, 3),
(14, 4),
(14, 5),
(14, 6),
(15, 1),
(15, 2),
(15, 3),
(15, 4),
(15, 5),
(15, 6),
(16, 1),
(16, 2),
(16, 3),
(16, 4),
(16, 5),
(16, 6),
(17, 1),
(17, 2),
(17, 3),
(17, 4),
(17, 5),
(17, 6),
(18, 1),
(18, 2),
(18, 3),
(18, 4),
(18, 5),
(18, 6),
(19, 1),
(19, 2),
(19, 3),
(19, 4),
(19, 5),
(19, 6),
(20, 1),
(20, 2),
(20, 3),
(20, 4),
(20, 5),
(20, 6);

-- --------------------------------------------------------

--
-- Table structure for table `resturants`
--

CREATE TABLE `resturants` (
  `ID` int(11) NOT NULL,
  `Name` varchar(255) NOT NULL,
  `Location` varchar(255) NOT NULL,
  `Image` longtext CHARACTER SET utf8mb4 COLLATE utf8mb4_0900_ai_ci NOT NULL,
  `username` varchar(255) NOT NULL,
  `password` varchar(255) NOT NULL
) ENGINE=InnoDB DEFAULT CHARSET=utf8mb4 COLLATE=utf8mb4_0900_ai_ci;

--
-- Dumping data for table `resturants`
--

INSERT INTO `resturants` (`ID`, `Name`, `Location`, `Image`, `username`, `password`) VALUES
(1, 'مطاعم الشرقي', 'مجمع القاعات الشرقي', 'data:image/png;base64,/9j/4AAQSkZJRgABAQAASABIAAD/2wBDAAEBAQEBAQIBAQIDAgICAwQDAwMDBAYEBAQEBAYHBgYGBgYGBwcHBwcHBwcICAgICAgJCQkJCQsLCwsLCwsLCwv/2wBDAQICAgMDAwUDAwULCAYICwsLCwsLCwsLCwsLCwsLCwsLCwsLCwsLCwsLCwsLCwsLCwsLCwsLCwsLCwsLCwsLCwv/wAARCADIAMgDASIAAhEBAxEB/8QAHwAAAQUBAQEBAQEAAAAAAAAAAAECAwQFBgcICQoL/8QAtRAAAgEDAwIEAwUFBAQAAAF9AQIDAAQRBRIhMUEGE1FhByJxFDKBkaEII0KxwRVS0fAkM2JyggkKFhcYGRolJicoKSo0NTY3ODk6Q0RFRkdISUpTVFVWV1hZWmNkZWZnaGlqc3R1dnd4eXqDhIWGh4iJipKTlJWWl5iZmqKjpKWmp6ipqrKztLW2t7i5usLDxMXGx8jJytLT1NXW19jZ2uHi4+Tl5ufo6erx8vP09fb3+Pn6/8QAHwEAAwEBAQEBAQEBAQAAAAAAAAECAwQFBgcICQoL/8QAtREAAgECBAQDBAcFBAQAAQJ3AAECAxEEBSExBhJBUQdhcRMiMoEIFEKRobHBCSMzUvAVYnLRChYkNOEl8RcYGRomJygpKjU2Nzg5OkNERUZHSElKU1RVVldYWVpjZGVmZ2hpanN0dXZ3eHl6goOEhYaHiImKkpOUlZaXmJmaoqOkpaanqKmqsrO0tba3uLm6wsPExcbHyMnK0tPU1dbX2Nna4uPk5ebn6Onq8vP09fb3+Pn6/9oADAMBAAIRAxEAPwD9yKKKP+Wnk/8ALT+5X+cZ/YAUUf8ALKigA8mDzvtFFFFVyleyCiij9xD/AK9/LqSQoox/rPkooAP3E3+uooooK9kFFFHEP7+b93QSFFH/AD0x/wAsqKADyYJv9fR/yy8j/lnRRVcpXsgoooqSQopPO86WPyP++6Wq5ivah5ME3+vo/wDRVFFHKHsgoooqjYr/AGy4m/cQR/8AXSkis/scv7//AFn/ACzqzF+5i8iilqcvsgoooqCgo8n/AD/kVXmvIIfM/wCWnlVXhhnml8+d/Kjq9Sfak/2zzuLFPMqCGz/0rz5/3laGfJi8iCijUPZB53n8T0UAY4r4I/aV/a91T4QeMf8AhAPC2l217cRW8Ukk87/c8/8A5Z+XXRRo1KmlIVSrTpn3vSeXNXyj4K/bK+CHiTw7/beuXz6TcReV9ognSSTy5Z/+uVY3jz9rjwNHa6fb/DydNS1DWY/Ms/Pf7FbR/wDXSSX/AKapR9QxOxl9Zpn1bL4h0NdQ/sO3uoZLv/nnv/e/9+6t/Y55pfOnr8afF+g3GhWknxF1zxEkfivWJP8ASNNt5o/tL3X2jzYvL8rzvLi8rZJ/yyr6++DX7YWl6/4Ku9W+KUH9mz6W8VvPPB+8ikln/wBV+7/1vmV11cv5Kf7oypYnn/iH3RRXzB4k/a2+D3hvR/7aikvr3/WRxpBZ3Ee+WD/Wf62KGvB/gl+2vqfxB+JVn4M8R6XZ21nqdxJHbvG8nmwf88vM/wCen/POuVYKrye0On6zTP0Xo8n/AD/kUv7iH/XyVVmm/tIfuP3UcVc2pXtSzNewQS+R/rKz/sd9eeXPcf8AfutCCHyf+un9+ijUPZBnyf3EH+roooqCgo8n/P8AkUvnwQ/696zpv+Jj/qP3ccVW/IdSpYnmuoLc+SP3j/8AtWirMEPk/wDXT+/RUfuzP96FFFH7jzPJ/wCWn9ygsKKP9dF/q6KADjzfO2UUUUAV5Zre0heed0jii/1jvXlFr8dfg/fS3luviawi+w3EtvP580dt+9/7a159+2Hr9hpH7PGvm9b57ryra3/66eZX4p+CPCWu/EDxbZ+HdJtZr27v7j/Vx/6yT/npXrYPARqU/aSOPE4j2dQ/W/4uftsfDXwVYvYeAZ01/VP+Wflj/RY/+ukn/LT/ALZV+bXh34Q/G39oHXrjxTY2c17JfSeZcX0/7uL/AL+f/Gq/QP4cfskfCf4QaXcePfjPPbXMkUnmeXdP/o0H/wAck/z5VaeoftR+L/HV8/hX9mPw1Nqvlfu/7Su08u3jrqoVFBWwiMqnv/xDyvwV/wAE64BHHP8AETX/APthYp/7Ul/+M17BL+z3+yZ4LsP7B8W6jDIkT+Z5Go6p5X73/rnFLDXJ6v8AAj4leIrT+2v2j/iP/Z1nL/rLS1f7Nbf/ABr/AMg153/Y3/BPzwUPIvrp9fuIv9u4k/8ARXkRVMZTqf8AL37kHsqcF/CPa/7I/YN837P9p0XzJf4/tknz/wDbTza3/CHw0/ZHhvri++HWo2FteXUcttJ9k1LzN/8A2yllr5v/AOFrfsC2/wC4/wCEWuf9/wCzf/basbP+CeHjCLOybRJP7/8ApEX/AMehrP2Uv+ng/aI9X+Iv7Dmh+KBHfeEdbltvKtfs8cF3+8tv9X/rP3XkeX/z0r4p8b/AP48fAk2fiK4tX1GOwk/d3Vg8ksUEX/PP/pnHN5lfX/hv9na4sraTVf2YPiTN5cX7z7O832iJ/wDrp5X/AMZrTj/aP+MvwZuY7L9ojw09zp/+r/tXTf8AV/5/79V0UqlWCsn7T8DL2dM99tv2h/h3ZeCPDPi7xtP/AGT/AMJFHFJbxt5knl/9+v8AlnXW6j8afhHpelvq02v2H2e1+/5E3m+X/wBs4v8Ack/74rwrx38N/hh+1V4L/tXwFrflXAjijjeD95F+48zyo5Iv+Wf+sf8A77r8wfiB8OfH3wK8RW+meN7RLiO5j8vy0d/s08UH7r/WRVy0sHSqadexdSpOmfvpp+r6Tr+n2+qaHMlzZ3UfmRyRv5kb1oV8xfsmnw/a/Dmfw/4ek/0eyvP3ce/zNnnxxy/88oP79fTyj9z9o/5ZivNrUvZ1DupVP3YlFHnefNH5H+r/AL9FZ8xt7UP+viiiipD2QUUUVobFfzp7v9xAn/XR6INNFn/r/wDtnVj/AJZeR/yzopanL7IKKKKgoK808VfFz4ZeCtHk1zxFrlnHbxx+ZxN5ksn/AFzjrI+Pj63b/BvxRN4Uuvs1/a2ckm//AMiyf+Qq/BLQvDWu/EG/jgsf9J1CWSKK3tE/5bxf6r91Xq4DAc/72dU4sVjOT4D7R8YeI/iJ+3D42utK+HcCW2h6F5UlvHP/AKt/Pk8rzJP+mn/xuvqhIPhJ+xH4J8gR/wBpa3qX+rjT/j5vrn/2nFRotn4I/Yl+Bwvb6NLnV7r/AFkaf6y7uv8Ann/1yhrzvRNOtvhbpk/7Un7Sz/bfE99/yC7GT/lh/wA8444/+en/AKJrpjJVVyU/4XTzOf2fsxl58Otc8dx/8Lt/bH1T+zdIi/eWejbvKjj/AOun/wAa/wBbXkHxH/beu7Sx/wCEO+Ammw6BpcX7uOd4Y/M/7Zx/6qOvlf4vfGjxt8a/EP8Abfimf9xE/wDo9on+qgiryOu6FHb2n3dDP2n/AD7Oi8SeK/Efi++k1XxVezajcS/xzv5lYASeVf3MdM/cf8tn/wCmlWbLSL7XT5GlQPJJ/wAs4408yuhQOQrmaD/lgnmSUnk5l8++r0H/AIVJ8UxF50PhnVPL/v8A2OSuQ1LRtV0GX7PrdjNZSf8APOdPKrVzh/y7K9kGl61rejXMeq6XdTWc8X+reB/K8uvtn4Y/tx+NfDcX9h/FKBPEely/u5Hk/wCPnyv/AGpXwqAScCnBD3rnnThU0qI0p1OQ/VqL4W+HPFR/4Xb+xlrCabqcX/Hxpu/yo3/6ZyRf8s//AETXq/gP4jeCv2nNBu/hN8WNL/s3xHaxyxz2rp5cscv/AD0tq/Ij4e/ETxV8LfEdv4q8I3r21xF/B/yyni/55yV+kM8Hhb9sjwlH8Q/h5OmgeP8Aw7+8/dv5XmS/9dP+ef8AzwkrjrYfT3+nXt/X9djopVDyvydc/Yb+J9v5882paPqckvmb/wDVSRf/ABz7lfpNoPxO8AeMfLnsdcs5JP8AVyQPN5cn/fqvnnwL4j8K/tWfDTU/hl8RYPsXiTS/3d5H/q5I5YP+XiKvy78YaN4o+Evju68I+I0RLvS45Y47ryfM/wCuVx/6BWX1eGI/dVP4qH7SpA/oaOPJ8iD/AFdFfPv7N2oeL9X+E9nrnjK9+23F7JLJbyb45P8ARfM/dx+ZFX0FXi1qPs3Y9al8AUeT/n/Iommgi/11Z/8AyEv+mUcX+rqH5BUqWL019bQfuP8AWSUU6GDyf9R/rP79FQZ+yCiij9x5nk/8tP7lBYUUcyw0UAeAftR+M7DwX8Ddf1Kf/j4vrf8As63/ANuSf91Xxv8AsFfCWygsLz43eKU8vyvNttPd/wDVRxf8tJP/AGl/33XdftHfBz9pD43+If7Lsfsem+HLWT/R4PtP3/8AppJX0v4z+Ed9f/BqP4QeALqHT7f7PFZPO6f8uv8Ay0/7aTV66qxp4ZUr/wAU4/Ze/wC0PlzwhcW/x7+LGqftAeNXSLwR4P8AMj0yOf8A1Unkf8tP/an/AHxXwZ8fvjLqnxv8fz+IZt8Wn237vT4P+ecX/wAcr9PvjV8BPG2o/CLR/gj8G/s0Gl2v/H2883lySf5k/eV8UD9gr42RS5nfTY/M/wCniT/41Xdhq1J/vV8jmqU6h8Tb2rqvB/gjxR8Qdct/C3hCxe9vJf8AlnHX1vB+wF8bJY/38mlx/wDbxJ/8ar9K/hd8HfDvwI8CyaV4Qtf7Rv8Ay/Mnnf8AdSXcv/tOOjE42nSXuamVPDTmfMXwm/Ye8DeELKPxT8ZLhNQuIo/M8jf5VjB/10k/5aV6Hq37XH7NfwtQaF4WdJ/K/wCWGjW0fl/9/P3MVeAfGv4S/ti/Gq58jXbK0i0+KSWS3tILuOOKP/45Xz7/AMMQ/tE/9Au3/wDAuKsfY06n+9VTp+D+HSPr/wD4eJeBvM/ceGtRkj/v7466/Sf23f2evGqf2H4xhuNOjl/1ialbeZF/5C86vnH4Zfsr/FHwfYavB4n8HWmt/wBqWctvH/p0cUkH+rrzi7/Yi+Of22Saz0qKOw8z93G95H5nl/8APPzKr2GC2M/a4k+v/iB+yD8F/i5o/wDwlPwfubbTbiX/AFb2j+ZYv/2y/wCWf/bKvy3+KHwp8b/CbxH/AMI941sXtpP+Wb/8sp/+uUlfaPwq/Z1/as+D/iP+3PDFjDFHF/rIPt0flT/9dK/R7xb8OdD+MngWPw78RNO8qS5j8yRN/wC9tJf+mUlZrF/V52dX2iB0+c/nPwB/r18yvQPhj8R/EXwr8ZWfjfw4/wC8tZP3kH/LKSL/AJaR19T6j/wT++LsV7cQ6Xd6dPb+Z+7d5ZI5ZIv+/VQw/wDBP342TcT3elx/9tZP/jVej9ew/wDz8M/q1Q94+K+pxRy6H+238Gf3kY8qPV7T+/F/qv3n/or/AL4roP2rvB2i/F/4TaX8dPB8H237Bb+ZJ5f+sewn/wBb/wBtIf8A4ut/9mr4BfFH4VWer+CPiI9hqXhnWY/9RBNJJsl/1X/PL/ltFXf/ALPXws8bfDTSfEXw08YeTe+GftH/ABLH3+Z5kU/+tjki/wA/frynVp05/u3/AAvy7fI6PZ8/8Qzv2NPG2ieKvhVJomiolt/Y2oXUfkf884p5PNi/9D/8h19cY71+bfwl/Zu+NvwP+JN54i8EfYb3SJbj7PJBPcPHLPa/89P9V+7r9JK5swVNVLwOnBVP3Yf9fFFFFcPKdXsgoooqjYhE00qx28Cf9dHr5u+NWu/HrSLq08N/BPR1vbuX95NfT/6qCL/pn5v7nzK+l/8Aln9noqqNX2b2OX2R+def+CiP/POy/wDJKu+8L6l+2fpthjxPo1tqU/meZ8k1vFF5X7v93/6Mr7Uw3rRhvWtpYttW9iZfV3/z8PgSfV/+CgEtr/yB7GKT/pnNb/8ATP8A6a/79Y/2r/gor/z42P8A33Zf/Ha/ROaSKOOTnzPKqh9jnlljnnrX64/+fRl7J/8AP0+A4de/4KD+Z+50nTZP/Af/AOO0ks3/AAUG8ySX+ztO/wC+7f8A+O1+hcIaJPJgbilw3rR9ff8Az6F9SX/Pw/O3+0f+Cif/AD4WP/fdl/8AHaPtP/BRH/nxsv8Avuy/+O1+iWG9aMN61n9df/PlG31eX/Pw/Oz7V/wUV/58bH/vuy/+O0fbf+Cik3Sxsf8Avuy/+O1+icskcLZJ+eqCwHUv3/8Aq/8AnnWv1z/p1+Bn7Jf8/T8+5dY/4KDf6iGxsZJP+3f/AOO1B/xsNml8+axsf+mnz2X/AMdr9GQI7f8A1R8ulw3rS+vv/n0T9SX/AD8Pzt/tH/gon/z4WP8A33Zf/HaPtP8AwUR/58bL/vuy/wDjtfolhvWjDetZ/XX/AM+UbfV5f8/D8/LOf/goLN/r49Otv9/7PUMs3/BQuGTyIbXT7n/bj+z1+hLSxRRfvTWeu7UV5/dx/wDLOtPrn/Toy9k/+fp+fY1j/goRB+4+w2Mj/wC/b/8Ax2oP+Nil3LHPNY2P+3/x5f8Ax2v0ait3tTmE/N/fpNsn979P/r0f2h/06QvqX/T0/O3+0v8Agobj9xY2Pl/79l/8dpftX/BRX/nxsf8Avuy/+O1+ieG9aMN60fW/+nS+42+rP/n6fnb9q/4KHD72n2P/AH3Z/wDx2vfvgVeftPTand2Hxy063js5Y/8AR54Hj8yOX/tlX0uJoIOP4/8AWVR41P8A6ZRxVlVxHtFb2Jl7LkJZrvypfIg2SSUVYhhgh/1H+s/v0VzHR+8Pz9/4KdfHfx5+zR+w746+Nnwyvv7M8QaMunR2Fx5Mdx5ck95bwn93IDF0f0P0r+e34K+KP+Dhj9qvwFofxP8AAfio2Ph/XIy9neSto1lHPH5nH7qKMS/+Qq/Xb/gvneLZf8E0vFlm3Av9Q0eL/wAnI5f/AGSvwY/YF8N/8E2vhr8RfAHx/wDiP8dL6w8WaZcWt3F4ai0O98u2uQf+Pd7kRTK4/Cv6I8OsBhlwvWxjwtKpV9pU/wCXXtf+Xa00Py3ijEVJ53Tw6q+zp+z/AOfnsj97P+CwH7anxE/Yq/ZK0Rvh3qqWXxF8T3tpp1rP5STyoII/MuriOOQGL/nnH0P+u6V5f/wRx/4KK+Nv2lf2a/H/AIg/aD1OTWta+Gshvp70xRpK1hPbySgGOEDPz203b+5X5R/8Fmfj/rHi/wD4KY6F4Z0Lw63jCH4Y2dlEujQCSWO4uZsXcg/c/vf9W6f9+69B/wCCKniRPhr8afi/qvxx0H/hE/Cmu6BqdxqcV6j+THc6FPFJfW8kUn739zFfcx12/wCpWGp8E3nRvialqv8A08/iX9n/AOCtLbHL/b9apxJ7OnU/dfwzxu6/4Kk/8FVvjPb61+1N8F9ZtYPDmieI7XSh4V0+yiu2SO5jeWEyxtFLK0P+j+X5hlB82TEWO3oP7d/7aP8AwWV+BGv6p8arvWNQ8GfD7WNYFloazWen4jE8fmRonmQmbiNH/eSCvmD4zR/DP/gn/wDH7wp+0h/wTQ+LVprmjeJvtM50oz+Zd2cdqI3e2vojgvFL0gEsQl6ceaBJX68/8HE91qXi79hXwH4hu4PsTvrVrfzwP/rI/wDR3jEf4efX0+IWWUs3yujTwNH6tiPaU/fp2qbbezaPIofXJ4PG1KuJqe0p/wDTw8P1X9pH/grj+zv+wN4l/am+O3jW2mOv2WgSeErlLfTppYzfyRyu8kItf+fR8fva8/8AhLqH/Bw7+0j4O0P4k+G/ErWOg67bxXlteTto1rFNFN/q3jhii83/AFf/AEyr6x/4LGWT+Gf+CMPgLwzc8SR/8IvZyf8AbCz/APsK/Pn/AIJ0eEf+Canwk+O3w6+NniD47383jHzbX7J4aGiXscdpc3kZi+xvdeXOJBD5nl+Z+6rzMulhMVlGKzOlgKXtPa1Lf7N7S/slZaLXpvsd2L9pSx9LBVMTU9n7On/y89mfS/xl/av/AOCq/wAfP29viZ+zF+yZ4vttE0fwAZriVnhs7YQWtv5UUjyXEsM0v+sk9fyrA+H3/BVP9qrx3/wSc+KnxZ1rX2i8f+CtZ0jT9O8Qw2sEcjxX9zGCJIhF5RfyxN/33X55fHnwT+1D8S/2q/2sPH/7Pmo3FpYeFNT1OTXrW1uHtZbvTI7945I/Ljx5kPyNJNH0wma9m8Sah8H9N/4IB6WPhms0Woat47tofEqStukfUQsknQf8svJjg8r8c161fhzAQwmDoPCUrqph1pTXT95U9p/18SOGjmuLdXEVPa1P4dT0/wC4Zsal/wAFsf2qNa/YP05rDxY1t8S9C8Wx6ff6hHBbvLdaXPbySw+ZGYfKIEkbx8DpGlf2meHJr9fCOn/2w/mXn2SH7Q//AD0l2V/mv/tXfs1XnwI1HwBq1vE6ad438JeHvENt/ti+to/O/wDJmOf8Ntf6V0B8vEb9Btr888ZcvwODo4CeX0UuepU2X/Xv+uy6H1HAONxdeeJWNfwezP5xv+CeP7a3x5+L/wC0r+0rB8QPF0194d8ExanJpFpO/wC6t/39x5flf9s46/Nr4b/8FNf2y9J/4Jx+NfjRqvxI1J/E6+NdM0XS7ydIJJI4vIlubhB5kRPpXyv+yL+xZp37Z1/8fvjVqPiOTQofANnd600Mdqk5vvP+2yiP95KPL/49+9eJ3Oiapbf8EpIrhUaCB/ijL5vyf9QyLyv/AGev1ahwlk0sZXpunTa58P8Au/Zr93ZX/wDKh8TVzrMPq9Kp/wBfD+j79tL9tr9qP4S/EX9kfwJ4O8Uy2k3j/TtMPiFPKg/06S9eyj3yfuf3f33/ANVXyn4z/a8/4KwftG/tN/HHwR+zZ41tNE8JfCjVNTln8yLTrYW9hYzyRx/vJYZZZP3cDY5rjP2iPjj8I/20f+Ch/wCyp4T/AGeL3+37Tw1FocV06QyRiOSCdLmWPEv/ADxjT98a/MbWvC/7T/j5/wBoj47/AAp1K5XwZo2vrN4psbe5eL7Xa395c+R5kIwJIovnzn/V+ZmvPyDhnARwNGWIwlKnW5P+XlNae0qbWt/X4HfmGdV6lar7OrU9l/07/wCvZ+xWm/8ABXX9rG+/4JP3Hx6k1K3j+IGn+N4vDSa19ji/fWs1sbnzPK8vyPMGPL/1XSuG0D9uX/gqx+y18bPg5qX7U3iyz8QaD8U57aVdG8qzc/YJ5Iv3hFrFFLbyfP8AuQP7noK+e/2ptR+Cmm/8EPvg3ovwCWSL+0PFv2vWhMwe4/ti3tLiK68zoAP3ieT/ANMdlJ+yh8KPFnws/wCCsngT4Xf8FHb681vVbBLSbQL6S8a4t3ujGkumDzJeZbXzB5XlgcS8f89KcclySnhMRWjl9Oy+sfuvZr2lqen7tdP+CtiZ43H/AFjDUvrNT/l1/wBez9KdI/4KS+Ovh/8A8FKvjnY+P9eu5Phr8MfD1/ef2OknmRT3NvcW0UXl/wDTSaW48uvz78Qf8FM/+CpNz4Jl/bnn8WWHh/wddeJZtB07Q3jje1eWCKS5eOKLyT5kQ8vyzL5v+tfHGMx/Ifxv0zW/HXj79rP4haDuke2vJftkadrWLXbH95/38r9Wf2UP29P2Q/gT/wAEwfhL8O/EHhjTPib40bWLqyTwtJDHc3KST6jLLJceXJERH+6dBCP+Wu9B2lp1ckwmBoUa1DLliKv7qi9F0p+0vrovUqnmNevUqwqYr2dL95U/8qH1P/wVn/4KZfEv4D/s2fDLV/gDev4d8bfFGztNalCRR3EtjYC3EkseyWIj/WSJg4/5ZtT/ANnP/gop8W/jJ/wR8+If7Rmv6tt8eeBIL/ThqqxpHK9zsjktrjYB5Xmfv16D+CvyX/bw/aI1X4hf8FXdR8W+BvBbeNbH4fR23h/S9HEMkg82yH7yPyoRn9zcvNXH/s2+IPEvw6/4JeftNeCtb0ybR4dTsNB1HTop/wDlr/xMv7MvnH/bVPLrx6XBWCp5JgaX1VKoqtGpsv8Al5VV6b6tKk7dn8jeef1p5nipKp+69nVp/wDgumem/Cz/AILTftUX37EnxH0HxZ4y8z4j6Ld6PqGg6x5Nv9paymuI4rmL/VeViL932/jx2r3H47f8FCv+Cmes/FL4K/AD9m3xQ914j8X/AA/0LVLu3S00/fd6nfW73UknmXUPlR/utnpFX4d/Hn9nC88C/s4fCX9oPS43isfHem6nJO/pdWGpT2sif9+vIr60/aO074QeKf2ufAngH4yeJ28GaCPhv4Os21xLV737DjRLaTf9ni5k87/V4H9/NfYPhzIed1MNhKX/AC8/5dL/AJd/u9rbLt8keFTzbMPZ+zqVf+ff/Lw/pc/4JreCf+CrOkfFLWde/wCCgWvfbfDkulSx2Nm01lIyX32iLD4tP+mfmUVmf8EY3/Yu8BeAPFPwb/ZN+JF58SruOePVdRkubC4sRB537r91HNF/sUV/MXHlV/2xVUMNGK00VL2X/knQ/ZeG2vqFP95/5X5vxP1D/aH/AGePh1+1t8MX+EfxbtZrjQ5LiK4njt5vs372B/3dfDXhr/giP/wTk8K38Wrr4JnvLmCQSRNNqt7hMdOPNr9ZSwHWuH+I3xA8N/DHwnceMPFD+XaW3ZP9ZJ/1zrwMBxBmuEprC4HE1adI9DFZTg68/rGIpHy/8P8A9gn9m34a/tLat+1t4X0a5HjbW5LqS7u57uaSL/Tv9Z5ccn7pK57Sf+CcX7LGl/GvxF8epdFub7VfFf26TUrW7uXuNMn/ALU/4+f9G/1X76tub9vv4IQv5E8Gq+Z/17R//Hakh/b1+As2nyXudRjki/5YfZv3j1ss5z/+IsXV/wCff/cMX9n5X/z6p/geHeCP+CNf/BOvwT8SLf4qeHfAKC9tp/tFvaT3k9zZLJ6fZ5ZPKxx0r6U/av8A2Lfgz+254QsfA3x9tru40vTJ/tcUdpePb/vMf8tPKrkm/wCCgnwLtt4+zarL5P8A07R//HauWH7cfwDvFjn1S6v7ST+49t/8arWrnWfVsRTxtXFVfaU/4ZgsuyyFOdCnTpqnUOs+PH7Jnwj/AGm/hBpfwH+Jljcz6Do1xa3NvHHM8cn+gx+VF5kn/A6+VvBH/BFb/gnb8OvEth4s0fwRLc32m3EV5aTT6reSbJYJPNj/AOWtfRl7+3h8A9NgzYT39z/sQW3/AMdrG/4b/wDgbJwkOq5/69o//jtThM8z2hR+rYXFVKVMuplmX1pe0xNKmb/wl/Ye/Zt+B3jnxt8RfAGhMuqfER5ZNfe5uZLiK68+SSWT93LJ+7/1j15L4k/4JZfsYeKv2ebX9l4eFX03wnbapFrPl2Vy8dzPfQRyReZJJ/rZP3T13o/4KA/ApjhbfVf/AAGj/wDjtB/4KA/ApeGg1X/wGj/+O0v7d4g5va/XKvtNOvbRfctuxp/Z+Wcns/ZU/wADK+MX/BNT9kT4+eDPA/gT4k6Hc3lj8O9Oj07RvLu5IpUtYo44vLlki/1n+rSvvRo/Mg8mvh9v2/vgNbf8sNY/56f8e0f/AMdqjL+3r8ELyLz5oNVj/wCef+jR/wDx2uTGYnN8fClTxdaq6dM1o0cHh5/uzL+AH/BOH9lb9mXwv448D/CfS7w6d8Q7L7DrUd3eSXHnQ+XJH/2z/d3D1V0b/glt+xjpfwI1T9nCXwl5/hHWL/8AtWe1nvLiSWO+iijijkik8zzY/wB0ldd/w8B+BEP+otNVi/7do/8A47Sf8PAvgR/zw1X/AMBo/wD47XfPiLiH2ntPrlXp17bfd0OKGV5X7P2apUzL/Zb/AOCbP7H37Huvz+M/gn4VNvrci+X/AGhfXL3tzHF/ci83/V/9sq2/gj+wD+y9+zt4Z8aeD/hj4ce20v4hR+VrsF3dyXH2qLy5I/L/AHsnH/HxJVb/AIeBfAr/AJ46r/4DR/8Ax2nf8PAvgR/z76r/AOA0f/x2s8TnnEFf2vtMXV9/9Njop5flkP4VKn+BxHiz/gll+w940+D3h/4C6p4JW38MeGZ5buzhtLqe3le6nj8uSSSSKTzZJP3f/LWvojxz+yd8A/if8VvCvxu8deG7XVPEfg+3lttIupj5nkj/AFn+q/5aeT/yw/55V5f/AMPAvgRt/wBRq/8A4DR//HatS/tz/BG7sftc329E/eeXH5Mfmf8Ao2oq5pn07Opiqn/Lz/yp/EMvqeX/APLunTOc+FX/AATr/ZZ+Cfjvxr4u8G6LNdT+P4rq21+0vrl722nivpPNkHlS/wDTWuV+B3/BJz9iP9nb4kJ8Zfhh4MWPWrWQS2jX1zJexWmOnlxSyfu69R/4bu+BWmQed/xMvtH+rkT7N+8/9G1Q/wCHgXwI/wCffVf/AAGj/wDjtdD4k4gn7X/a6v7wz/svLP3f7un+7J/2fP2BP2av2ZPinr/xo+EmkXUHiPxPHLFqF1d3k9zv8+TzJP8AW/8ATRK8auv+CRn7Hd7Z+NdLubDVxaeP/M/tOD+0n8r99eR3/wC7/wCef7y3Svb/APhvT4B+TF+8vsS/9O33KdP+3j8BLef7NC985/vx21TS4gz+E3iPrNX2mn/lPb/gGv8AZmV8ns/ZU/wOD8Uf8ExP2R/GP7NXhf8AZR8T6HdXHhLwfcS3mmR/bHjuUknkklk/ef63/lu9cB4+/wCCNX7B/wAWvE9v4p8deG7y8ntdPsNOjj/tK4j8u10q2jtbb/VS/wDPKOOvp7xP+2J8J/CuqR6Hfxalc3Etv9o8u0hjk/df9/f+mddl8N/jl4e+M1/JB4WtbmO3ij8zfOkcUX+ski/9p048VcSUv3kcZVM55Plc/wB37KmeVfsxfsLfsr/saXupX37Ofhc6Nd6tFFbXU8l5cXO8Qcx486WbFFfZdu1vHxb/APfdFeNi81xOOqvEYzFc1R7v0PQw2X4ajTVOGH5Uug+sbWdA0TXrT7BrljDex+Z5nlzp5lbNH7jH2f8A5af8868uR6VU4r/hWPwv/wCha03/AMA46Z/wrP4X/wDQvab/AOAcf+FdvCPNg86lqReypnzPq3ir9mzQvFk/hbVNHs47+1/dyf8AEt/+1Vo/FG5+Bfwh0K38UeLvDln9kuriK33wWEcnl/8ATSSvKP24PhpB4i+Gn/Cf2H7vUNB/1jx/8tLWf91JWf8AAfxBpf7T37ON38NfFT/8TDT4Psdw/wDy0/6drj/P9yvTjQj7JVXt1OH/AJeeyO3+Mnj/AOAXwXj0u78ReEkvbfU4/Mt57Swt5Iq8Bk/bE/ZeHMPghv8AwAs//jtO8CabP8ZPhZrH7KnxE2W3irwn/wAebv8Ax+R/qpP/AGl/1ykr8zNZ0DVPDes3HhzxDB9ivLWT7PJG/wDz1r0MPl9Fr2TRz1MVUP1B039sH9mDU7q3sb3wc1tbyyeXvezt/Ljr7jm07wdoPhKTWvDeiw3tn5f2iODTYY/38X/TOv5yhFB5fCeVX2V+zX+1xrfwi8rwh4wR9S8Ob/3f/PS0/wCuf/TP/plU4nK4xX7kKeO/5+H39oXj74IeKfAup/FL/hC/L0/Rnk8x57C3jk/cf63935teP6x+1T+yXpmqXFnceGftMkX7vzI7C3ki/wDRtfRGveDvhZ+0b8M9TsPB97DFDrnlSXF1Y/6zzYP9V5kf/wAdr84fF/7BXxf0NLi40V7bWo/+WfkP5cj/APf2uXDxw0/4mj7GlT2lv3R9GD9rb9kU9PCTf+C23/8AjldTo3x4/Z517WLfQ9D8CXFzcXUnlx+Xptv/APHa/PnUv2Vv2g7K2jvZvDU0n2r/AJZweXJ/5Ci/1dej/D/9j74+Xksl7LYpoEf/AE9zfuv/ACF+9rqlhcN0qEe1qn234o/ar+BXhO6t/wC1NAuA9z+8j8i2t5P/AGrXvvhabwd8V/DEfiDVfDD20Hmfu01azjjk/wCunl15L4T+B/gL4W+GP7U+LOoRalHpv7yN7v8Ad21v/wA8vLi/7Zp/rf8AnnXxp+0r+2XP4xt5/BPwod7LS/8AV3F9/qpJ/wDrn/zzirlWFVRezpF+05P4p7N4v/al/Ze8K+Irvw5B4Sh1aOwk8vz4La38p5f+mdYEf7ZH7Nkok87wO0f/AFzs7evy0pVh82XyIE8x5f4K9BYGjtY5/rNQ/ZL4M/Gn4O/HDxoPCGh+BEjk+zy3Ek89tb+VHFXunhEfAPx1rGr6L4W0bTbifQpPs13/AKHH5Ucn/fr/AKZ18faLpc/7JH7Pf+rT/hOfFknl28cf+tj/AP3P/o2SvZtL06x/ZP8A2a/9OZI9ev8A77/6zfqc/wD8Z/8AadcFehStel8jsp1P+fh1F38TP2TbTXJPCzQabJfx3f2LyINN8yTzf+ef7qKvcf8AhWPwy/h8P6b/AOAcdfnn+wV8LYdX1e8+LOt7Lj7L/o1m/wD01/5aSf5/v1+o5rjxdJU6nsqJth3znLy+CPB0t19sn0ewkk/56PbR1r6bo+laPFJBpVrDbRy/8808utGiuXlOn2QUUUVRsZ5vJ5h+4T/rpVi1svJl8+f/AFkX+rqxRS1OX2QUUUVBR5L8c9S0nS/g34oudb/49/7Luo/9+WePyoq/En9n34p638HPiHaeKYY3/s//AFd/B/fta/fDxhoPh3xR4cvPC3iGD7RZ3Mflzx1+cOu/8E85rK3/ALb8E+Iv+JhFJ5kcF3D+6evZwFbD+zq0qh52JVTn56R658e/BV5rn9l/tLfs/bLjWrGOK4/cfvPt1h/1yrxT4n/DfRP2rPBH/C7/AIZIn/CR2Mfl6hYf8tJJf+ef/XT/ANG1Y+DH7Q3/AAo/XoPg98UbV9P/ANIljvHf/VwS+Z+6ki/6ZTf/AG2vUfij8G/F3w58V/8AC+v2cNkjy/vL/So/9VdRf89Iv8/9ca61NwmovTt/kZfxD8fLi2mglkhv0eOSKTy3jf8A5Z1Wr9RNf8BfCb9sjS5PFPgGZNA8bxR/6ZYz/wDLSX/pp/8AHa/Pfx78NvHHwx1j+wvG+nTWNx/yz3/6uT/rnJ/y0rrhVU9Nn2OepT5DN8K+NvGPgPU/7b8IajNptx/z0gfy99fYPhD9vv4y6PDHb+I7Kw1qP+/In2aX/wAhf/Ga+FP3GMzPR/x+Refv8v8A551t9Vpz0qoPaez/AIZ+m/8Aw8gv/K8j/hEYZJP+vz/7VXnXiT9vz4tax/yDNOsNJjk/j/eSSx18HL+5/wBR+7pwYDoK5o4DDU/4dMftah2/jf4kePviRd/bfG+q3OoyRf6uN3/dR/8AXKOuForovCvg/wAVePNXj8O+DtOm1K8l/wCWcCVruMwQDIcCv0Z/Z3+B+i/Cvw1/w0P8bk+zW1rH5mn2j/63/plJ5f8Az0/54RVveCfgT8Lf2ZNLg+Kf7QV9De6v/rLPTY/3n73/AKZ/89JP/IVd14W8C+Nf2svEtv8AEz4tRvpPg+x/eaXpO/8A1/8A00krmqVlOOn8Pv8A5FU6Rr/BXQ9W+K/jmT9p34pIltbRRyx6LYu/7qCL/npXy5+0b8Zv+FgfFLQ/EVlqqf2Jo0f2izjT+PyJP+Wkcv8Az28v/prXoX7UX7TFjrkknwd+E0/mW/8Ax7XF3B+8+1/8svs8VT/D/wDYXvPEb2eueONmg2fl/wDHjG8lzcyf9fMn+q/79UouNP8Ae1dB/H+7pH0/+xpLYr8Eo4LGD7N/pl1JJB/zz8/97F/5CdK+r681+G/wy8L/AAp8KW/hbwtD5cY5uJP+Wk8vl+X5lekg5Ga8OtUU6ntUethqfJTFo8ual8+CH/XvWd/yEv8AUfu44q535GlSpYsTTeT+4h2SSUVYhhgh/wBR/rP79FBl+8Ciij9x5nkf8tP7lLmNvahRRD/qvPoqSQx+88/Z+8ooooA+MP21PAOl6p8M7j4mafax/wBr6DH5cbukcn+izyeVJXw/+zl+1zrXwoEfg7xj52o+Gx/q/wDlpJaf9cv+mf8A0yr9f/iD4LsPiF4Nv/A+qO8Vvfx+W7x/8s6/OLQv+Cc8v2W8i8X+JUtJPP8A9D8iHzP3X/TSvcwlal7H2VVnnYmlUhP2lM9/8ZfAr4a/Hm1j+LXwi1NNJ1z/AFkeoWP8cn/TSP8A56V5jq3xf+KXw4sh4T/ap8Ip4i0T/V/2taQxyRv/AO0f/RVeO618CP2gv2Wp7jxv8Or/AO22cX/HxJaf88v+mlt/zyr1f4df8FAPCmsWselfFjTHsXk/dvPaJ5ls/wD2y/1v/o2qUKlv3f7xfiL2n/cM5Fv2f/2U/jEftvwn8U/2JeS/8uk7/wDtOX97XD69/wAE/Pi9Zyf8SS+03UU9nkjk/wDRVfXE/wAH/wBj/wCPB+2+F3s4buX/AKBs32aT/v1/9prn/wDhjHxDoP8AyTv4h61pEf8Ayzj/ANZ/6Klgp/XFF29pb1Rn9W/6dHxf/wAMQ/tA+Z/yC7b/AMC466jSf2A/jLqUkf8AaV1ptkn/AE0lkkk/9FV9T/8ADOP7S2PI/wCFrXPl/wC5J/8AHasD9j3x9rEP/Fw/idq97b/xwJ5n/wAdq/r0f+fqD6t/06PGrf8AZX/Z1+Ex+3fGzxcl7JF/y6Rv9m/8hxedLJXW6V8db/UUk8A/sb+CPLg/5aalPD5ccf8A00//AHtek2X7PH7JvwZP9reN5La5ki/eb9VufM3/APbL/lp/35rnvGH7Z/gDw/4evLH4M6dDe/2X5Uce/wD0aL9//wA8o/8AWyf+QqzvKotP3v4L7jWlsdF4V/Zy8OeFZZPjB+0vraa9qlr+833T/wCjQf8Axyvm39pz9sS38Z6H/wAIP8Lpprazk/186fut8X/POnaDZ/Hb9rG2k877Nc6P5/mR3d3D5UUf/TOKP99/txfuv+/tdLr/APwTx1WbRfJ0XxFD58X7yOB7b915v/XTzauEqdOp/tVXUy/ef8uyD9gb4QQXT3nxQ8QReY9gfsWno/8Ayzl8vzZJP/H0r9Tq8u+FHw5g+F/hf+w4TD9oupPtFx5CeXF5v/LTy69QBynm15WLre0qe1PTw1P2dMWiiGb/AJ4R/u/79FcvMa+1CiiijlD2QUUUVRsV/OuLv/Uf9tKLK0+xf6/ZJ/zzqx/yz+z0UtTl9kFFFFQUFHk/5/yKrzTQQeZ/y08qk+xzyyRzzvV6k+1FmvPO/cWMdEOmeTLJNP8AvKsZ8mLyIKKNQ9kGPN4nr8Q/2v8A4Jz/AA/+JtxqvhXSpo9Dvo4riN4If9Gjl/5aR1+3lFdOFxX1eoLEYb2h+LXhf9hv4y+LrX/hIrxLDQPtP7yOCdpBJH/2zii/d1teKPgp+2N8JdGMuh6reXunxfvJP7JvJP3f/bP/AFtfsXNNBF/rqoeTcaj+/wD9WP8AlnXX/aVS/wC8SOf6tTPwQ039oT4+anNHpWk+Kb+4vJZIo44/O/ePLXpPgr4a/tdfHGH+1JtWv49Pk/1kl9eSRRf9+6+5fFX7Evwv8R+PrjxvBc3FlHdXH2iSxg8vyn/56V9nRRi3i8qCuipmdO3+zIxp4Oc/4h+OXiX9gv40Q2Ed7b3VhqUkUf7yCOb97/5Figryr4F/BHxR4u+J0fhe9sbzTY7C4i/tB/nj8jyP9Z/yyr95KK5Vm07Wsa/UKZm6bpljoNhb6VpUCW1vbR+XHHH/AMs60qm320P+urPEa6lxB+6ji/1deUdPtS1LeeT+4+SSSs77JPeeXPO9aMMHk/6j/Wf36KvUPZB/qf3FFFFQWFHlzUedBD/r6z/J/tHgfuo/+WdXqT7UsTXnk/uIP3kn/tWirEMUEP8AqP8Avuio52SFFFFaHYFFFFAB/wAtPP8A+WlFFFZnOFFFFaHQFFFFAB/wD/VUUUVmc4UUUVodAUUUUAH+u/19FFFZnNyoKKKK0OkKKKKAD/Xf6+iiisznCiiitDoP/9k=', 'eastern_rest', 'east2024'),
(2, 'مطاعم اسبريسو', 'مبنى مطاعم الجامعة', 'data:image/png;base64,/9j/4AAQSkZJRgABAQAASABIAAD/2wBDAAEBAQEBAQIBAQIDAgICAwQDAwMDBAYEBAQEBAYHBgYGBgYGBwcHBwcHBwcICAgICAgJCQkJCQsLCwsLCwsLCwv/2wBDAQICAgMDAwUDAwULCAYICwsLCwsLCwsLCwsLCwsLCwsLCwsLCwsLCwsLCwsLCwsLCwsLCwsLCwsLCwsLCwsLCwv/wAARCADIAMgDASIAAhEBAxEB/8QAHwAAAQUBAQEBAQEAAAAAAAAAAAECAwQFBgcICQoL/8QAtRAAAgEDAwIEAwUFBAQAAAF9AQIDAAQRBRIhMUEGE1FhByJxFDKBkaEII0KxwRVS0fAkM2JyggkKFhcYGRolJicoKSo0NTY3ODk6Q0RFRkdISUpTVFVWV1hZWmNkZWZnaGlqc3R1dnd4eXqDhIWGh4iJipKTlJWWl5iZmqKjpKWmp6ipqrKztLW2t7i5usLDxMXGx8jJytLT1NXW19jZ2uHi4+Tl5ufo6erx8vP09fb3+Pn6/8QAHwEAAwEBAQEBAQEBAQAAAAAAAAECAwQFBgcICQoL/8QAtREAAgECBAQDBAcFBAQAAQJ3AAECAxEEBSExBhJBUQdhcRMiMoEIFEKRobHBCSMzUvAVYnLRChYkNOEl8RcYGRomJygpKjU2Nzg5OkNERUZHSElKU1RVVldYWVpjZGVmZ2hpanN0dXZ3eHl6goOEhYaHiImKkpOUlZaXmJmaoqOkpaanqKmqsrO0tba3uLm6wsPExcbHyMnK0tPU1dbX2Nna4uPk5ebn6Onq8vP09fb3+Pn6/9oADAMBAAIRAxEAPwDn4ZvPlz5f+j/8tKP+WXkQUeTb/wDLCiv5HP8AVOlTLFFFFc5qV6PJm8nz9lE3kQ/uLjfVfyZ7z/X/ALqP/V10GVSp/wA+gmm8mXyYP3klWOkvnzf8fHl/6uiHyIfL8iP/AFVFAvZ+0/iFiiiiuc2K9H/XtR0i8+f/AFcVV/O879xZR+Z5v8ddBlUqFiYwQxZn/wC/dEP+mRSf8srf/lnJR5EH/Lb95JL/AKyj/wBFUGf7yZY87j/pnRRRXOdI3hhgUzaB3oHANuKSaW3gd/J/eyVdhVKnsxvkzf8ALf8Ad1Xhm/e/6Cn7zzKPJ86L/Tv3f/LTy6s/uP8AlhH/AK2tTn/eTCaKGLzPIp4ULyaaF43Gk5JrI6KVIOSacTgbaUsF4WmSy2MP/H7voCrVG+Tcf3KKg8meX9//AKqP/V0Vqc/tjQooornOkjKhuVpgmnE3kQp0o5U04y5HlfpViq0hIfs8EP2ebZLJSsPNAFxQGA6Cn8MMmhsKdP2Y6iiioGRx96jwPKk8iPzJKkj71HVrcVTZiw283m+ffP8Au/8AlnTefJ+zwR+VHS0VqZ0qZYooornNQpRjzY/tFJRQBXm+3TfuIY0joh8iGKOCD955X/LSiiugypUyxRRRXOahRP2o58rztlFPYCvN53+ogSq8MMEMXkTbJJKsUVuZ+z8yx/y1ooorA0IIZoPtXkW//fdJibyvI30f6mKSC3/5ayUVuZU6f/Lwdtx14r0z4S+HT4o8UXdoqeZ9m0bVbr/v3aTv/wCjErzMZU19mfsEeF18afHG78Jf8tNT8Pa1bx/9trR467smw3t8bRpHz/GeNlhMkxeIjvTpHxXhfK61YwvrRsih/wBe/l0b7m88yC3HlR/6uuD2R9B9YRVmlgh/1/8ArP8AnnWhDN/q58/8s/8AV1Xhggh8uff+8i/8fopi9n7T+IWKKKK5zYr0UcH/AK5xVX86D/Uwv5kkv8cddBlVq+zLH/Teb91HRDN50UkEH7r/AG6PJ86SSe9/5a/8s6P9SkcH/LOKgz/eTLE03mUUUVgdJByTTicDbSlgvC1HL5MfG/8AeRf8s6oVWqHkzzfwUfbIIf8AUfvKg/f6lF9/y4/MqfMEMsk8O/8Ae1qcyqVKh6zceHR/wpYeKP8AWmLXZrX8JbeKT/2SvKNxxivrm78PHT/2DrPXp0+fUPG0hT/rlHYf/Y18i7jjbXoZrR9l7Ff9Oj5zhTMvrdPGf9OqtVfcT0UUv7iDyzO/lebXjn1pBlfSiqvnT3cskEG+OP8A1dFb+yRl7VdjQooorA1KxIHWvu7/AIJu+Irfw7+2b4RBj4uftVvv/wCu9vJXwlXsHwx8Q3Xwh+OGi+I0/dLous28z/8AXKF8Sf8AkKvWyep7DGUsR/08Pl+MMN9eyXF4Okv3tSlVK3x88CHwD8ZvFXhDUNwOn6rcKntEz/uv/IVeUzT+ZxX6m/8ABW74Wf8ACIftHR/EvSIgth4ps4pN3/TzbqI5P/IWyvyyyM5xWvEeA+p5jVwxyeH+cU8z4cwGNvf2lO33aMnooorxD7Mjj71H/wAspJ/9ZUkfeo6tbiqbMX99N/0yt4f/AB+lhPk/uIN9Nm/e0VqZ0qZYooornNQoP+ujoooAr+d/z4p+8ohhhs/LH+skip3mr7fl/wDXowvrW/tUZeyXcQgzcXFJSjPUdq7z4TeCbn4p/EjQ/AOmo8jare29qfL/AOWcUsn72T/v1VUqPtKnsqRhmGLpYHDVcVW/hUj9Ef2rvDqfDj/gn98D/BEieXcatJea3J/22Pmf+10r8sa/Wv8A4LC+Kbab45eG/hdo2z7D4Y0aJEjT/lm9w4/9pxrX5Q6rZJp06Rzffkhif/v/AB+ZX0HFK5Mxq0qX/Lr2VI/PfCqtOpw7SxWK/i4ipUqf+DKhSml8n9xs8yq/k+d+/vv9ZJVj/VUV88fpXs/Msf62iiisLmhXhkg8zyP9ZJ/5Col8/wAryJ/9ZUHk/Y/M+fzKnrcypUxvlIxXjlelepfFmyLX+jeIYjmLWtGsZl/25YI/s0n/AI/A1ebWdpNqN6lnb/flk8uOvq258Jy/EX9ju38cWI/0v4eaq2n3f/Xnqv7yOQ/9vOf++q78BS9vSq0j5rPcdTweNwmJn/z99l/4NX/y0/XT4k+EIv20P+CX+geL9Of7R4j8J2fnov8Ay0kl01vKnj/7bRx7x/wCv51QyklB1FfuZ/wRp+ONpZa3rv7PXiIo0Wqx/wBqWIf/AJ6KDHcx/wDfvy/++Xr8/wD9uf8AZ21D9m742Xui6ZEf7D1cC60tx0jXjMff/U//ABFfXcTYb+0MvwudUv8Ar1UPybw4x6yDiLMuEcT/AA/ae0w3/b//AALfifGv+p/13/furEM3/LeD/j38uoPJgMsc07+ZJ/y0pP8AW18Efvf8QsUUUVznQQck04nA20pYLwtRyy/ZP+ulWKrVCiGbz/Mgsf8AWRUeTPef6/8AdR/8s46Iv3MXkVqcyqVKhoTTfvar0UVznUR+X/n/ACaPL/z/AJNR0v8Ayy8+Z0q7PuL2i7kbusa74uAK/af/AII+fAyW/wDH+o/tDa2q/wBn6CslhaPx/r5wfMf28mP/ANDr8dPDmheI/G3iC28J+F4ma81GeKGFR0eSX93s/Cv6Xfjq+k/sC/sAj4daOUOsXlt/ZcUkQ/1l9eHM8/6t/wCO9K+54LwFP29XMsR/Cw5+F+M3ENX6pS4bwX+84yp7P/uH/X6n4OftEeP9W/aA/aS8R+LLUNcPr+pi3sU7SR/6q2/8heXXmXxgWxg+JWs6fphzaabP9ghP96Ox/wBGj/8AQK9d/ZI0aOX4i3XxLv4/NsfA2nXOuziT/npBH/o8f/gQFr5qvTeXS/2pfP5kl3JLJ/v14eOqVJ4b6zV/5e1T7vIoU8PmX9mYV/usNSpUv6/7hUv60IaKKXyR/sV4CVz7ogwvrRS/abmb9xY/+gUVt7Iy+sIlooorA1KtpPKGjubd/KdP9XX6X/su6z4O8P8A7QV38JvFe5fBfxg0tLeaP/lkr3oMkXl8f8srndH/AJxX5p452njFfYXgPRG+Ln7OV3aeHZNviz4ZSNqNns+/PpNycP5X/XrKfM/4G9fS8O1PZ4j90fnniHglWwK9s/3U/wB3/wBevafwqv8A3DqezPPLuz8d/sr/ALQgn1Ivbaz4T1H92P8AnvE30/5ZzRf+h1/SZ+078KfCH7e37JUHiv4d4uL6a3Op6LMcb/tI/wCWL9PTyj+lfln8f/C1n+3N+zRpP7VvgWJX8aeFbIWfiuBV+eZYuFf2zjzBj/lk/wDsCrv/AAST/asHw/8AHT/s7eOLgNo/iWUHTJJH/wCPe9G791/22/8ARv8A10r7nJ54fB4yrlOJ/wB1xH8I/E+LI4vOMqpcT4L93meXaVafp/XtO3s/Q/HnUNOu9HvrjRNUge3vLWSSN4H/ANZHLUJH5V+9v/BVX9ibzGuP2oPhpBkxL/xO7aFAMDgCf/477V+CEbJJ0NfAcQZHUy3GfV57H7zwHxpg+Jcrp5hQ3/5eL/n3UJY+9R/uPK8+f/yHUkfeo/8AVV4a3PtamzIfN86TyII/Lj/5aVNFDBZ/6j95J/f2Uk3/AJD/AOedLWpnSpliiiiuc1Cj/lp9noopgUPOgg/490eSlSPyJI7m+f8Aef8Aoyp/OyBL/H/z0r7N/Yj/AGSfEf7U/wATEsZFNr4d0l431S6bkbMf8e8fT55e/oK9DA4Gpi8RSw2G/iVDwM+znDZNgquZZlV/dUj9FP8Agkh+yYWtpf2nPGtn+9+a30K3kXG5TkSzg9jj92P+B18gf8FQP2krn43/ALQd14S0a5aXw74Q8y0tQP8AVm5wBcv27/u/+A1+wX/BQf8AaW8O/so/AqH4W/DZVstb1e1+x6ZDa4j+w24Ij84dQAMYi9x7V+Lf7AH7NFv8XPGtx8Yfigfs/gbwXi/1S8m+WOWWP94I+O3/AC0m/wDtlfpedUPZUsNwxln8T/l56H82cI476zjMf4jcQL90v3eGp/pT9F+77bna/EDwlefsyfsY6J8M4kKeMPi9dJe6lbbf3senWrf6Lb/9/Nn/AI/+HwR8T7K30TxQfB9hJHNFoEUVg0sf/PeL/j4/8md9fe2u/FLVfjl8ZPGv7dPiOFINB8GqsGiW8/8AFef6qxgP/XGQfaJv/rV+Zck093NJPM/mSSfvJJK+S4iq07eyp/wv+XX/AF6pf/LKh+r+HWGxHtatTGP94v3lX/r7V/5df9wqXs6dvMSbyIP78j1X+x/bIvPvf3f/ADzqx/6Mi/1dH/LWvmD9X9n5h53/ADw/d0VJ5n+f8iisrvsX7NdiP/R/N8if/Wf886P+WX+r/wBbVeGH7H/10/5Z1YrUzp+0AHuRXq/wU+MHin4F/EbTviX4TWNbuz/cyQv9yeKf/WJJXlFKGK0UqtTD1PaUjnx+X4bG4arhcVS/dVD6o+CP7W/jH9nr4rar49+HGn2tvYav5iy6O297TYBiPtgeUPSvAfFHii01TxzceLvC+nroUck/2iG2tXfy7b/rn/8AWrmrWyu76WOO1hZ5Jf8AVolaGp6PqWiBHv7GaLzf9X5kMkX72vQq4/GYin7L/l0eJQyPKMuxrxNKn+9qUlT/AOvh+qugf8Fj/jfB4LtvDniPQdK1YJAIZ7qXf5lwR/fjxxX5g+JNX0LxD4nutd0TTYtLsbh/tCW0DvIkH/TOOs7U/AvjHQntbvxbpt1YLPwouYpI9x/6Z1Hq3h/xNosEc2r6bcWkcn+r82J466MzzfMMZT9ljv3nsjxeF+FOHcsxFStlFPk9r/08MeitT/hHfEX2H+1PsM32LH+t8p9mP+ulQ6fpWs6oJDptlLceV/rPITzK8f2NQ+8+t4b/AJ+lGityy8O+Ib/UjotjZTzXajm3WF3cD/rnSf8ACOa3/af9jfYJ/wC1N22Oz8t/P3/9c/Sj2NQwq5hhabt7YxgJj/qqTEJ8z7P+8eKr2qaJ4hsL59G1myl014+kE8PlyVc1Xwj4p8M2UV5r2m3Ngk8eFnmiePd/1zrT2NQj6/Sn7L97/FMST/XYoorcfw/4jtdNXWbrTrqOzblbh432N/20rP2VSodFWvSpW9rVMOv0u+AP/BSfxX+zb8Obb4cfDzwppkVjB888juweWX/lpI/Ffm0YJ5YpJ7dHlji/1j/886u6d4f1rVt6aZZS3KR/f2J5myu7LMzxmEqe0wX8Q+e4n4dybOsOsPm1P2lOl8j0j4//ABu8aftF/Ea++JnxDlV7u4AiSIf6uKIf6pExivY/Ev7ZXivUf2ctP/Zs8OabaaB4fiGLl7XfJcXP/LX5+P8AnrXzp4Q8E6r4o8XweFvL/s/zZ4o7ieeGT9xF/wA9JIqq/EDw5oHh3xnf2Ph/7W2mxuPsr6gmy5f/AKaSR11fW8xh7XE+1/iHl1sqyGvVwmW06X+7/vKX/PqmekeNPjReeKfhdoXwlstNh0fRdDdptsW/zLi8l/5bvJj/AFnevDJ5/tE0k4j8qjE80n7+l+XHXmvMxWLq4mp7WqfS5RkeFyyl7HCK3/BJqKKPJnm/grjSPYIcL60VXleKH9xBGkj/APtWitvZGX1hF6iiisDUjj71H+4h/wBfJ/2zqSPvUf8A13T95VrcVTZn0X+x6JJf2nvA2po/lqmsQFP+uW+vU7v4n638O/jZ4S8UfEzxwnxA0nTNUN9JBb3c2pfZzA/yny7mOL94P/adfMfwe+IT/Cz4raD8QmtftkWjXqXf2eN/L3eSP9XXX+IvGnwKTWrDWvCfg2/kjin8y/tb/UvNini/55xeXbReX/10r6nAY/2WB9l7X977U/KuIMhq4nPHUq4V1KNSj7LT2X/T3/n5rS8rHs37Rnhf4iQ2Nt8QtK8cP478Bavqu60vvPd2hvF/5Zz20v8Aq5/Lr7c/ar8SeKPBvjH4w6d8ZfEdtfeGNeslt9B0R76O7uf7SUR+VJFb+b/o/kndx+6/KvzU8d/F34ey/DqH4W/B7QLzS9On1Eatf3Go3kd3O7xo0cccYiih8uPlq4747fFFfjT8W9a+J0dp9g/tSUM1tu8zZ+68r/WCu2rnGHw8Kvsv4tT/AO6nz+F4KzHMJ4Wjj6XsqNL2ln7Ol7S3tKPs/wCFpSqfuv4nY/UX4J23xwi8D/CXxloXiP8AsvwFomi3V14igkuf3T2UF9P9o8yy/wBbJ8n7v/U+1eI/s0XiXfwm+O198PPECeCILi70aSwvp5XtoraL7ZJ5cfmRfvf9V+7r5h8O/tM+KPCOseA9V0CzS3uPA1hJp3zv5kd5BPO8skckeP8AVhJ/LFdB4N/aD+Eei6J8RvCWpeErl/DXj2bT5I7S2v8Ay2sPsEkknl7/AC5fM/79V1U83w/PRtV/hf8Ayo8yvwhmlOOM5sL/ABalP+H7LpivafvE9KlT2e3S37rQ7z4M/ETw0usfEL4e+PPGD2viHxNBa2tl4zWWWRFlsXP7t2H71I5tiReZWp4Km1z4QfHHxF4R/aO8UTaXr+saKbCz8TRTSXv2bzgj28/mD97Jbyxp5XmH+9ivnDSPGHwGtdZ1ax1nwrqMmgXvlfZfL1GP+0rSWD/WfvPL8qTzv+uVdT4o+Ofw/wDiL8QH1Lx94Slbw7a6Ta6NpltbX3l3Njb2I/dyfaJY/wB5J9//AJZfxVzUs0p06dL97+9p/wDX09fF8N4ideqqWEqKlVpL2n8Ldeyt7Lp0/eUv4Wh9F+AfAnxC8A/FjxJ40+LN7F4n1Pwb4QvNf0C7ef7fbzrFiK2uEkx+8SISM/5Vyv7MPxJ8f/GC48cfCT4ra1d65out6BqGoSC/l8/7LeWKeZFPH5n+q/z2rhIv2srjQPiL4f17wNoK23h3w5pUmiJpd7J9p+02cu/7QlxJ/wBNdwx9KwNV+Nnw08K+F9f0H4GeFrrQ7vxRD9lvLzUr37ZJb2P/AC0t7b93D5ccvbza2/tTAwqUvZVf3VL2n/cU4v8AVrOK9KtSxWE/e1VS9lUXs0qXs/K/7r/n7+69DC/ZE8A+HPiD+0Ho+ieILdJ7V1ub54Dz5rWNtJcBMcf63ZVHxR+1N8fPF+pawNX8U3zQ+IY5ILix8z/QTFJ/yzjtv9VHivNvhl8QfEXws8e6b498KSLFe6PPDNGJP9VgjmOSvdvFPxU/Zw1SbVPE2gfDm4s9Y1GKQJBJqfmafaSzf8tEj8qGX/rjH5teFhqtP6n7KnV9kfcZtl8/7a+tVsv+s0vZ0/Z/wv3Wr6VO/wC71/6d6n2F+zJ8LRJ+zrL8L7rSZbi++MNveXMF95MnlWf9k/8AHl5sn/LPzrhHxXkn7KemeJIv2dPi3HY+Io/Bl4bzQvMvLi4mshH+8uP3fmR/va8a8U/ta/EG48e2GufDm+1HRNH0WOyt7HSVvH8iOKzjT/WR/wCqk83Z+9/3qd4r/aQ8O6/onxQ0Tw/ob2Vp8RdR0/UUElxu+zSwPJLKmPK/effkr33mWX0vZOl/y69pS/8AKX/yw+J/1V4ixX1uOLo6YmpSqd/Zfvaelv8Ar1/6aPon9m7UfGt9D8YXTx4ltqcej2cf/CRvczeV+4u0i3fafL8wf88+PSvgX4r6j4l1XxjdyeJ/Ex8UXiLFGNVWV7mOb2jkl/eV6N8A/jN4O+Fmm+MvCPjTQ7jWdL8U2EOnzpbXf2OSPypI5f8AWCKb+5Xlfju58G6lrcjeA7C70vTfLi2Q3lx9sk/7+eXFXiY7HwxGDo0van2PDmQ4jCZ9i6tSl+6tT9nU9nS6UqS/6+rb+GtDn6KKK+YP0wry+RD/AK9/+2dV/J+1/v8A/V/886sf9d46Ufv5cTV0GXsqkxP9T/qP++6Kk8z/AD/kUVld9jT2a7EflebR+48vzvnqvD/rft033/8AV1YrUzp/vCxRRRXOalWOze5m8lY/NkHStHRLLSb7VrfT9dunsbSV/Lknjh8zy/8AtnWTY3c9hNFe6U7xzRP5kbx/wV90+Bb39kz4y2Mfh346PL4D8SiP5df0+D/iXz+n2i3/AOWcntGIq9PA4X29T2XtT5jiHOKmAp+19jUq0v8Ap1/Epf8AcM67Tf8AgntrHxG8Ovrn7PHjnRPHdxEvmy2MEgtph/2zmP8A6M8qvkz4gfs//GT4XXkmn/ETwxqmkmL/AJbz237v/v5/qq+2JP8Agl78bdeEfiD4E+KtC8WaUP8Aj3urG8Eb/wA/K/8AItUPFX7Mf/BSn4e6Z5Nwuv29lax/62DWhLH5X/bK5r6nHZIvZr/YKlL/AK9fvaR+YZNxxX9u4Us+w1Wn/wBPf3NT8v8A3Eed/sf/ALD+vftfaZrd/wCGdftdJfQp4onjmheTzPP/AI+3/PKuB/a3/ZR8U/sjeOdN8EeKNRTUDqdr9sjljVo4/v8Al+XwTX3D/wAErPi3q/wz/an1P4f/ABBvXZvEun7GMlx9p/0i3HmxYcD/AJ5b6+m/+C1vgGXVPAPg74qWMIDabdzafcOCD+6u9rp+qY/4HXd/YGCr8NVMZSo/vaZ5P+vmcYTxCpZLja1sDX/hrTrT0tUtf+Kfzz0UUY/defP/AKuvzU/owr0f8svPnolm/wBZBYf6yL+OiH9zF5//AC0l/v10GPtP+fR0nhjw7d+L/GukeCtOk8ufWLq2tI9//LOSWTyq/Tv40f8ABKH4g/Bf4Xa38UNd8U2c9toFtJdvEtsd8mf4OH6V83/8E8vhnJ8U/wBrnwpZyJ5kGkytqc//AEzjsh5kX/kTZX7nf8Fbvir/AMIL+y9/wgdnL5V54ruo7aM7sfu4JFmkx/3yo/4FX33D2S4GeTYnMMdS/hn4D4g8bZ1huLstyDKa9ue3tLedR/8AuP8AA/mH8NeC/Fvje5/szwZpN3qcw/gsYXuJP/IVfbPgf/gnN8adW0VvF/xbu7DwBpEf/LxrdyEkP/bPIH/f2uc+Gvwg/bp+INhGPhVPrV3ZN/q2ttYEcf8A6U17Gf8Agl/+2340/wCJ98SJbPTsffl1bVRJ/wCi/OFeZlmURn+8+oVKv/lKke/xHxlVhN0/7YwuGXl+9q/18mfBXxY8GeCPAfiBfD/g7xPH4pjj/wBZc2tu8Vsv/XPzOJPwrzu3sZWh87y/3fmeXvr9BfEPwa/Yw/ZltC/xF8WS/EjxBCcLo+hv5Vn5n/Te4/8AjX70elfC/jPxfq/jzXn1LWYYrS3g4t7O1Ty7e2i/55x4rzczyz6v/E/8FH1XC3EdTMKfs8OqlSn/AM/an7r2n/Xqnp+Vjnf3HlSY31JJ2qPzfNqSTtXgvc+6p7IkoooqBleij9xD/rt//PSiugx9rTLE377/AF1FFFc9zYjj71H5E/lefN+7jqSPvUfkwTfv6tbiqbMPNvpv+QV+8jiohs4Ibr7/APy0++//ACzp2F8ryID5UdGF9a09qjP2S7n0r8L/ANmT4+/FVjcfBNLbWmXb/wAeOqQRSR/9s5pIJI/+/Ve2eI/2DfjN4Rsk1n9pXxVo/gmwXvql+bmd/wDrmkPn76/PyFhBP50TvHJXsXgD4E/G/wCNOoRp4D8OalrXm/8ALbyn8v8A7+S/uq97C1MNP91SwlWpU/6+H59nOBzHDz+s1cwpYel/z89l+8/8GVKvs/8AymYWl+Kbf4XfFez8bfCG9nvY/Dt5FeQXN1D5e+SB/wDWeX/yzj/pX9b2v2ng79vb9jeQ6MY0h8V6dvty/wDy7XkB49OYZU/Sv50Pj38HvB37K3wb/wCFZ6hqFnqvxE8STo+qLbN5iaXZwEShAP780m3/AL59q7X/AIJ9/toat+zD46f4W/EmZ18J6jcf6VuH/IPuP7//AFy/57V9TkONhlmLq5dmP8Op/wCUz8q48yepxNldLP8AJP8AeMH/AA/+flWlT/5ef+DP4fz8j88/E+g6v4H1678K67C0Oq2c0lpPE3/LB659bWRtlxeDytn8Ff0/ftyf8E99A/aesx8Zvg5NbJ4rnt9+9ABbajEP9XnnG/H/AC0r+bzx78L/AIifC7WpPD3xA0i80i5h/guIwgf/AK5SD/WV8/xDw1iMsnp/CP0jw/8AEbLuJcIlKr7LFf8ALyn/AJHDRTeQvkW/7uOlRsLlhg1Pp2m3+r3qaVpEE088v+rjgTzJJK/X79i//gl543+J17B8RPj5BJougwnzI9MlQLc3J6fvBn93H/5Fry8pyPGZlP2eHpH03FfGmTcOYP6xmNX5f8vT7L/4JD/s5XXgH4aaj8ePE8flX3itUi05Wx8ljAeW/wC2r4z7Ilfld/wUU/aGs/2iPj3cP4dZ5/D/AIdxY2m3pJNgeaw4HEv0/wCWdfpr/wAFGf24NE+DPhyf9mr4H+VDrDRCzu57U/u9PtsA7EGMCUR9h/qq/GP9mSL4fXPjqb4d/GOddL0XxZY/ZUvm4+yXG9JLaf8A7+p5Y/3hX3mfV8PCjS4cwdRf9PP+vmn9fcfg/A2ExlfFY/xDzajec/4VP/p31suypaLuvkdl8O/2WLH4trBN8CvG1i+rvH+80jUz/Z2oRf8AXP8A5ZSf9dK3PiF+xD+2hoNhJfePtOS20v8A5+7vWLPyo4v+ukt1XJ/Gn9hf47fB69a8k0ibXtDP7yz1LSVFxC8X0h/1dfK2pXepTzeRqzTB4v3flv8A8s6+Xxap4On7LE4WpSq/9fD9MyeOMzWbxWW5rSq0v+nlL2lReX7qpSH6lpltoF0LWC4t7uRP9Y9s/mR1mY838KSnD7pr5mqfqWFpezpWJqKKJ+1YI3K/kz/64fuo6POvZv8Ajx/1cVEsNvN+/no6/uIP3UdbmX7yZX8mCGX/AJ6SUVc8v/P+TRWV0Hsl3I/Lmo/5ZefA9V4fPmk+3TP/AKr935dWP9b7eVWoqVSpMsUUUVzmwUUUf6PD/r3/AOWfmU0gIP8AXcwVr2mrazp0Ys7G9lt2k/gRpKwfNmmHkQJ5aS/x1N5uY47f/W/u/L8ytvgOWr+//dHoHwsh+Hg8Zxaj8U7l49Ls38+WKOLzGuPJ/wCWEfqJf+elM1zxXpfiFvEWrX9nsu9Y1CK+t9v/ACx/ePJJ/wCh1wajJxSGt/rdT2XsTgqZFSni/rlWt2XkrdvXr6I+4P2Uf2+/jH+y5ImhWONd8NnGdMuGwy46C3l/gHseK9Y/ar/4KceOv2iPBk3w88OaOnhnTLtNl0fO+0zzRHkpv8qHy096/MnGMZFJtwcB8R16VLibNaeD+pe1/dnzmK8MeGMRmf8AbFTCf7Rv5X9Nj6l/ZV/a1+IX7KHiqXXfC0MF9YXh3XNlcfx8Y/dyf8s5K+0Pjj/wVz+MPj/wzJ4d+HWlp4Phnj8qa9E32mcf9c/3UOyvyLmm8r/VJ5klVoQPJeeX/lr/AMs61wPEWY4TDfVqVX90ZZx4dcOZpmP9rYnC+0qf102OvtNUhT+17jXXe7udRttkU8n+tE/nJJv/AO/aN/31XoXizxF4A8VfCbw6IpJLDxP4fhlsJ1kX9xeWQkeSJ/M/5ZvDv8uvFRtM+B3qIrMzuqnb0215tLHVKdP2R9HXyCnOrSqqq6fs3f8AD2X3WNS11zWbSAWlpeXEcP8AcR/3dUKKK5PaHsUqNOn/AAwo/wBd/qKWbyIf9c//AH7qt+/mk8j/AFUcX7ygr2nkWP8Alj9+pJO1RzTeZUknasnuXT2RJRRRUDIcr6UUbG+7O/8A00orSwva0yab97RRRWYyOPvUfkzzdKkj70yX99/H+7/9F1a3FU2ZWmmEP+oTzf8A47R5Pky+fev5klWIf3MXkQ0VqZey/wCfhY8791RRRWBsFFFH/LKSCB/KkoQFf/Vf9dP+WcdV4fPvOP8AVR1YjEEEvnf6yT/0XR+/m/11bnK6XOEIgh/1CUVJ5n+f8ijzP8/5FZXfY6fZrsSUUUf8tPtFSMr+TN/y3/d1X+2TzS+RAnlRy/6t6JrPzv8AXv8Au6sed/ywt/3Uf/POtzm/eTK8MMEHE/7ySrEss83FSeZ/n/Io8z/P+RWV32Oj2a7ElFFFQMr/AL2q8155P+ojSSOrE377+Pyo/wD0XSw+RD+4t/8Avuugy/eTCaH/AJbXsnmSf886KSigfs/Mfnb8pozn5RsFFFZeY+Z81iWiiioLCiiigCHlTk1YKSnslFFaEydtRtFFFZlBRRRQBXoooroFU2YVJJ2oorJ7hT2RJRRRUDCj/lrRRTQFfyT5X8FFFFb1CYu61LFFFFc5QUUUUAf/2Q==', 'Espresso_rest', 'Esp#2024'),
(3, 'مطاعم الطب\r\n', 'كلية الطب', 'data:image/png;base64,/9j/4AAQSkZJRgABAQAASABIAAD/2wBDAAEBAQEBAQIBAQIDAgICAwQDAwMDBAYEBAQEBAYHBgYGBgYGBwcHBwcHBwcICAgICAgJCQkJCQsLCwsLCwsLCwv/2wBDAQICAgMDAwUDAwULCAYICwsLCwsLCwsLCwsLCwsLCwsLCwsLCwsLCwsLCwsLCwsLCwsLCwsLCwsLCwsLCwsLCwv/wAARCADIAMgDASIAAhEBAxEB/8QAHwAAAQUBAQEBAQEAAAAAAAAAAAECAwQFBgcICQoL/8QAtRAAAgEDAwIEAwUFBAQAAAF9AQIDAAQRBRIhMUEGE1FhByJxFDKBkaEII0KxwRVS0fAkM2JyggkKFhcYGRolJicoKSo0NTY3ODk6Q0RFRkdISUpTVFVWV1hZWmNkZWZnaGlqc3R1dnd4eXqDhIWGh4iJipKTlJWWl5iZmqKjpKWmp6ipqrKztLW2t7i5usLDxMXGx8jJytLT1NXW19jZ2uHi4+Tl5ufo6erx8vP09fb3+Pn6/8QAHwEAAwEBAQEBAQEBAQAAAAAAAAECAwQFBgcICQoL/8QAtREAAgECBAQDBAcFBAQAAQJ3AAECAxEEBSExBhJBUQdhcRMiMoEIFEKRobHBCSMzUvAVYnLRChYkNOEl8RcYGRomJygpKjU2Nzg5OkNERUZHSElKU1RVVldYWVpjZGVmZ2hpanN0dXZ3eHl6goOEhYaHiImKkpOUlZaXmJmaoqOkpaanqKmqsrO0tba3uLm6wsPExcbHyMnK0tPU1dbX2Nna4uPk5ebn6Onq8vP09fb3+Pn6/9oADAMBAAIRAxEAPwD5NH3jUb/eqQfeNMSXyJq/Bz++Kn8IZ9sgi/fQf99yUfYs+XPfO/mf+h1Yg8iL/j3/AP3dRbR/hQcNOlUmTz3HnjaI/KqrRRWZ00qXswooooNRw+6amzBiMzu/mf6zy6hH3TSfuJo/In/5Zf6vy60ObEE8Mv2uXyYP9X/y0jqCAQWn+jj95J/uVbmcSdf9XVYAvyaApYYZRRRWZ0hRRRQA+PjikE8EA84/vP8AbegzeTJVgCCH/UR1oc1X2ntCt9jxFHPfP+8/9GVYlk8/p+7quBk4pS3YdKApUhtFFFZnSFFFFAFj9xD5n35fK/1lFO/cTy+fP/rP/RlFaHl/vCrRRRWZ6gUUUUAOJLGn5CcVYMcydBVKW8gs/L+z7JP+mlaGVSoWvKXyvPnHlVXlZv3fkSebU0AuYo/9N/8AQ6fNKssnn0GdP2kypRRViGG4vLqOxskeS4lk8uOONP3ry1mdPtEV6U9BX6/fszf8Eav2lfjJFH4i+J6/8ILokn3BcIJL5/8At2OBH/21r9bvC3/BDX9kbw5YKPEd3retSAfO092kKflFGte7h+HMfX/eOnY/Oc28U8jwNT2Sqe1/69H8iVL5WceRX9jGrf8ABFn9hS6hEdtp+pWTf9M9Qk/9qE18UfG3/ghFaXGnPefs4+MZbe4i/eJZax+8ik/7eIv/AIzXVU4Sx8NjzcN4uZHXn7NqpSP5xvLix5Jf56rV738eP2fPjF+zl4k/4Rf4t6FcaPPc/wCrkf8Ae2s//XOSL/WV4JXzdWlUp1PZVT9JwGKpYyl7WjV9rSCiiioO8KKKseT/AJ/yKA9oiJOtTiPEXnzcVWlvYLOSP7kn+3Vi3E5tfIvv+2daHN7X/n0JND5Pl+Q/mVXoml86TFFZmlIKKKKDUKKKsQd6AIyy7doqSUWMMvkTvR9s/wBX9nj/ANbVf7HBDFH5/wDrP+mdaHDVqCQ+fef3I/8AlnJVn/QfK+znfJTpp5Jf9cKr5X0oNfq7G0UUVmdNKn7MsWdnPe3UdjYxvJcSyeXHHH/rHlr+vP8A4Jo/8EyvDP7POh6d8WPi9aRX3j24jEgjkAli0z/pnFz98f8APTrX5K/8EZ/2XYPjR8crr4u+K7X7RoPgYRvDv/1balP/AKvA/wCmP7yT/v3X9d1/qlppyNNNsiQpv8x2wgxX3/CWU01S+u1D+dPFbjCo8T/YuCqaL+J/ka0lxBDH5m6si5vophizXzFH36+EPiT/AMFJv2Lvh47f8JP48sb2S3b/AFOniS8b8rUTfyr411v/AILvfsw6DPJbeHvDniLVP+mm23ji/wDRtfW1c2wlD+JVPy/A8MZvjP8Ad8LU+4/cS1sCm37Q33OlXI4LOGTzVbB+lfgtZ/8ABf8A+A8jYvPA/iCJB3ja2k/9qV9B+Af+C0P7FnjjZFqur3vh2aTpHqVpJj/v5CJY/wDx6saWdYCptVOnFcFZ5h/4uBqfcff/AMcfgJ8Lv2h/hxdfDX4o6XHqml3A4Vx+8jf+/E/VHHYiv4ov24v2M/GH7Gnxbfwjqwe80DUvNuNI1B/+W0f/ADzlx/y0hr+3D4XfG74T/GTRzrfwu1/Ttcs0++9jcpME/wB7ByK+Zv8Agob+y3bftS/s06x4NghEut6WjahpH/X9Cvyxj/rqP3X/AAOuPO8ohj6DnT/iHq8C8W18ix/sa38GppUR/CzhfWjC+tTQw/varfa/3UfkJ/ra/KT+tPrDLQNhBJ5E7vVaLz7v+5FH/q5KPscEMP7/AP1n/TOnTSzyjB/Kgy/eVCbyrHypIPnk/wBuoJ5jIcUgOOlOVd1B00qXsxtFFFZmo7C+tFTebBDLJBs8ySKitDm+sMr0cRTUUVmdJaM2d6wR+V5n/POqtFFBlSpezCiiig1CirHk+TF509fur/wRn/Y88FfFvxDrfx6+JFgl/ZeH547HTra6UOovSPMkkeM94k8oD/frsyzAzxeI+rUz5jibibD5RgquNqH6gf8ABGL4cf8ACB/sYafr8sHl3Him+uNRff7SG3j/APIca1+DH/BRb9uzx3+0f8Y9c8JaNqFxbeCNHu5LK2s428qK48j/AJbyf89BN2Ff1T+PP2k/hVB8PfiHH4D1q0utU8BWF5JqFtAw820ktoPOwY/pX84Pg/8A4J4fs4fDL4YaB4//AG6/iFdeFNS8U24vbCwsiFdIiOj/ALqfON47Y/p99m+FxH1elg8DVPwXhLNcDHNMVnGbUf3k/wCHTtff5dEfjDNLcSjE3ekxjiv29f8AZj/4I0Y+T44eIPxT/wC4K8q+P/8AwTy+GcvwhHx2/Yh8WXPxH0Oxufst9ZeTvvBJ3EXkxxdPM/1Xk18fUyLEW0P2ehx9l0qtKlWpVKX/AF8pH5L0V9l/s/fsLftC/Hz4p2Xw4/4R3U/D9vOPNu9Q1GwnitoY/wDlo487Akz0EXFff9z+x5/wSV8L38/h7xZ8bNVOqWEn2e4W0WMxeb9fss3/AKNrPC5PiKlL2v8ACOrNONcuwVX6rS/e1f8Ap1+8Pxj8C/EHxv8ADTxLB4u+Hup3Gi6nbcJdWk3lyV/a3/wTj/arvf2tf2crbxr4jwdd0yWTStYKLsja6h/jA9JYnSQfWvwz0/8AZI/4JEeI76Pw/wCG/jVrX2+5fy42nQRIZf8App/oMAr72/4JpfCzxH+xl8bvij+zt8QtQjnsDY2HiKwveI45bEebDLIf+eeCIwQP7lfTcP0cRhMRap/CPyfxGzXKs0wHtKdJ08VT/npez0P52/2t/AUvwt/ae8deDfL+yCz1m4aGMf8APvcP5sf/AJCkr5387/nhH5Uktf2+/H74OfAD/gol+zfeal4VmsddkmjuRousovEF5CTECHwJNgkTnHYV/EXqWnXuj6rcaTqieVcWsksckf8A01rws9yj6pV9qv4VQ+88POKaea4P6pVp+zq0jPooorwD9MCipP3dWJYY4Y/PmrQPaIp0VYmhgh8vFV6zF8ZOZuf+ekkX+reioKK0M/q1MKKKKzNRxJY0/ITignzP+PanTTWEMnkeX5n+3WhlUqDxFjgP5X/LSqst5BD5fkf6v/lo+z97R5M8sXnX37v/AIBVoS24i8gp8n+3Qc37yoV4IjZwyQT/ALwS1/Xh/wAELr3T5P2RtRNv/wAfI8Q3f2n/AK6eXDj/AMh7K/kO2iaTIr+j/wD4IJ/FrTYT41+BlzLsnlki1u1T+/x5Vyfw/cV9BwpUUMwsz838WsBVqZBKqv8Al01/kfiJ+0B4l8W+H/2kviTdWt7cWd3c63rFndeQ/l+ZFPcSeZHJ/wBMq/Rz/gstZX154u+FviuBHl0u48KW8NvP/wAsnlDj/wCOJXkf/BXL9nq8+Cv7WmqeK4EzoXjb/iZWj/8ATUAfaYv+/n73/tpUXwA/4Kt/Hz4IfDq2+GmoafpnivT9Oj8uxOpJI8kUeMbDJ5vMYAAHtTXsqFTFYLGmDo4vF4fKs8yel7T2VPb8PwPzAHBx0r98/wDgnb8TPHf7Pn/BOn4yfGbwsPsd7aahHJpd1dw+ZE0gEcfT/lp9+uK/4fgfFaG2+0z/AA68Mf8AfD/4V8f/ALVn/BSL49/tZeFrf4c6tHa6J4aik8ySwsIR5dxJ/wAsvMklxSwtTBYOp9ZpVfaVS84p57ndOlgcZl9OlS9pT/5eL7vmfrp/wTO/4KE/tG/tQfHjUfhp8XtQsbm2XQ57+CO3tEtf3okiHPrw71/NJ4q03XLPxRqGh62j2N5YXEsckcieV5cvmV1/wi+Kfjb4FfEDT/iX8NL17LW9Hf8A0d0/1X/XOX/npFX6z23/AAW4+MjW27UvBPhu5ux96fyW+f8A8foWNpYzDUqWNq/vaZbyTG5PmVXFZJhKdWlV9l/06sfjXZwX+vX0Gl6HA9zeXMkVtHHH+8keX/llX7N/8FqfFGs6N8fvDujaTdzWr3PhGC2v0jl/1kX2iSUJJ/20Sib/AILh/GuG2D6V4G8M20/8EnlP8n/kSvyi+L3xe+Jv7RHxNu/iH8Q7ptW1/WHii/dp6f6qOKKs6lXDYfDVaWGq+19qdOGwGa5hm1HH5lhfZUqXtP8Al57U/qj/AOCHf2xv2M7lL/8A1Z167+z/APXLbHj9d1fyxftD/ZP+F++Oxbf6n/hI9U8v/rn9okr+xL4G+FdO/YE/4J7x/wDCS/8AH14Y0ifVdRz/AB3kx82RP+/r+WK/if1K8vte1W41W+fzLi6klkkf/prPXp8Rfu8FhcNUPnvDaf1vOszzOl/C9p+rKirt5NSHmPO//ppRNPZRXX2cp5v+3VXyZ5j599+78qvkD9mq1RZrzyfLEH/oFWoR9jheCf8AeebQZIYIvIhj/d/7dVifPAE9BlTpf8/BP9bRRRWZ3BRRRQAVchhHl1TqT/lnWgVCPzJrzy/IT/tnH/7UqxDFbwxR2/ySeV/q6r+dPN1rs4/hv45utI0nWbLSbqS18QXX2TTZ0ifyrm4/55x/89JOKVv+fRw1nSpfxTjZj50m2kr3jwp+zH+0B411HVtG8KeC9Vv7vRJ/sV8kUDySWlz/AM85Kh8P/sz/ALQPiXxZqvgrQPB+q3er6L5Q1G1ht3kktfPH7rzP+efFa/VKn/Pow/trLaen1uloeG11ngfx545+Gevr4r8AatdaNqKR+UtzZSyQSeVWvN8J/iZD4o1HwbN4fv4tV0i3e9vrN7d47mCKKPzHkkj/AOuVdT8Ov2cfjv8AFrw3e+Mvht4R1LWNO0/iW6tYvMjbHp/z1opUqvtP3QYrMMtdL/aatL2RP4x/aa/aF+INjDZfEDxjquu29u/2i3S8uPtEUco/5afva8cvNSmml+3T/vJLrzZJJ3/5610tp8PPHN/Z6TqVnpN1JBrd19g010h/4+bj/nnH/wBNPnStGT4VfFDSo2vrvQr5I01P+wn3w/c1P/n3/wCun/TKir9ZqfxTmj/ZuH/c4X2VI4KFp/N+23/7sRUnm/uvs8EflR17T4+/Zp/aB+FegHxV8R/B+q6Ppyv5f2m+geOPzPpXh0MFxJL5EKeZJWVWlUp/uqp1Zfi8NiaXtaNX2oU4Eeleu/EX9n344fCPRbPxJ8SvC99ollqZ2281xGEQt6HH+qrktb+HPjzw14Z0vxtr2l3Nnpmsb/sV5PF5aXPldPLk7U6tGrTNKWbYGol7KsccRg4rrvDHxA8a+DGtH8MahLZvZT/aLR4P9ZBJ/wA9I5K9Pm/ZZ/aNi8Hf8LFm8G6p/Yf2T+0Ptn2V/s/2Xy/N8zzP+eXlU7Tv2WP2jdV8IRePtN8E6xc6HNa/bIrxLRxb/Zseb5nmf8866fqmJp/8ujkq5vk9Sl+9rUu3/AIPFn7Tf7RHxJ0S48J/EHxvrGsaddf6y2urx5I5P+eX7uvBvOvpofs8CJ/00SOvffCH7K37SfxA8N2fivwV4K1fU9Jv/wB9b3VtbO8cgqPwd+zP+0V8TdJn1rwN4O1XWLW3uJbZ5ra0eSOOWD/Wx0VaWJqfxTgo4zJsNdYWtSpWPDv9HhEcHl+Z5VV5v30uK9t8Jfs5fHbx5c6nZeC/Cmo6jJpNx9ivkt4HbyLr/nnJXCyfDf4gprereGpNGvUvdEt5LnUrZ4ZI5LSKD/WSSR/8s6y+qVbHq0sxwF/YKtscZRXaaB8OfHHivw9qnjDwzpdzd6Xo0aSXtxBE8iW3m/35PYVxvLHBrL2R30sXSqP2VHoNoooqDYsTS/Y5fs8CJ/0z/wBuin+ZNDF1orQ4vZVCpRRRWZ2hX7zfsaftgfsy/Bn9m/4deE/ivBDqmrabrmoahaLuH/EtvxKscUkn/POPyrlpPM/2a/BmncbfevRyzH1MHU9pSPnOJ+HMNnFCjh8TV2P6E/g58Vv2cfEur/HnTPGXirSra08QeOf7U0tZ9dfRPtdt8/7yK5tP3skXz185/CKXwUkn7Q/wv074n6T4bufEdxo0mh6vLqryI8UFxJL5cVycSyeRF+68yvx+/cQ/6/f5nl+ZUEssxtfPh/dR/wDPOu7+3Paf8uj5f/UanTVSNLFfxPZf+UvZf/Kj9pdf+OXwkl+NVx/xVttrv9hfCm88L3evSOIotR1NYX/1fmf6z7+yuP8AC3iX4f8AxX+Cnw+h0f4wj4U3XgOyuLLVNKPnRbpN7v8AaLfyyPMkl3+9fknbt9i/cQf+RKrFi1Z/21PsaU+AqXInSrbenn5eZ+jXw3+JHgbTfhv8BNPvtZtI7nw745l1DUldx5ltbi6tfnk/55R/I3/fNfYX7U37V3wP+Nfw/wDD2seHJ7DTdfh+KMV7rEUEn+vt7FJLWLUMf88povIr8IqKIZzUhT9mdcvD7DOvSxCrfw/87n7Y/wDBTTVPgX410K/8afCfxdpeo3lzrf2m4trTxHd6jJPFP5n/AC4yx+VF/wBsq/LD9njx9oPwr+OXhL4jeKoPtGnaHqtveSxBPuRwSda8dqxFD5v/AGyrlxOZ+3xP1lHo5TwzTwOVVcsq1faUj9Bv2ovCHhu+mj1LSvjhb+O4vFPiKOaGzkeb/RIZ/M/0i48w+VFJDv8ALr7b/a++J/7JnxQ/Z1134NeBPiPBqh8GjTpPD1hJZyW0cZ0tBbXEUVzL/wAfPmxZk/dV+Dwmghkj8j955v8AG9UIYprwPBf7/wB1XVSzj+L+6/iHhVOEVU+q/wC1fwv+vR+rn7Vf7QXwd174P+E/APhiXVrrxFa+CtEspLmw1f8A4lkHkJ+8t5LL/lpJ/rI6+l/FviT9n74gfsYeFNPsvGuj6f4n0jwVa6cIz4muLGWG5iST939hi/cy/wDPP972r8HZryaVsdqq0f27U9pV/dGi4BpqlRpUqv8ACqe0Puz4CfHK68H/ALJHxh8HSeKbnTtSuk0H+xLX7ZJFIPIvPNufs3/bOvuP9i3xp8A9W/Y7TwH8TfFGlabq9v4hvLzyL7xDPoknlTW6fvP9E/1nX/lrX4YUVjhs3qUDvzfgvD4yFR06vs/aVfa/ofrT+zb4i+Edh8AfHfwe+JHxP/4RfUb7xjYm31PT5ZJpbvyPMi8/PmRS/Zv+mvSp/HP7Q/w18WfHj4pXOn6rusbP4Y33hHT9Uv5o5LjWLqx8qGO4eX/lpJNX5I5UdBViaG3hH77f5nl+ZWv9r1PZ+yOapwVQ+s1cVVrfxP8A7n/8rP3R/Yu+J/7Kvwy/Zx8PfB34j+P4NPuPGkupXHiTTYYJLiOeK+j+w28dzc/8uvlReVJ+9r8RfEujWWga9f6ZY3UOpR2FxLbefA/7qT7PJ/rK5aaW48rz7f8Adx/8tPnrQh/0OL/R/wB55v8AfrmxWP8ArFKlS9l/CO3JeHP7OxNbFUqvtfahd+RmP5PKqvRRXnH1lIKKKKDUKKKswf6zj/WUAV/Knl5HWp5tS8mWPyI08v8A5ZvVYfbrz/X/ALvyv79W/N+zjyIfuVocP7yoVfJmh/4/n/eeZ/fqwJZ/L/0fZHUe1Ry1IAX5NBrSwwyvT/g38G/Hvx7+JOl/C74a2L3up6k/lx/88o4v+ekn/POKuc8CeA/GXxP8V2XgLwDYyalq+oOUitojh2A6k+gFf2R/sdfsm/CX/gnT8BNR8XePNRtotXe3W613WLgYjj/6ZxnP+qiHAwMv19MetkeUVMfU/wCnR8PxvxnTyXD+ypfvMTU/hn53Rf8ABAPS7a0gOufFNraeQeWP+JUOZPb/AEqvzk/4KEf8E9pv2GpfDU9t4ifxHb+IvtQ8z7H9m8iSDy/+ms3/AD0r2X45/wDBTPxb+0D+134I8R6HJLo3gbwp4htZ7O03bVlj34kuLgH+MReZx/yyr9Sv+C5Xgm6179lnSvGNgN7eHdYie4kQYkSG4jeLj/toY69zE4HLq+CxVTB0v4Z8Dgc94myzNcBSznE6Yj/l3p935H8mvEEXH+s/5Zx1+jH7C37FPw8/begvtC/4T8+GfEumybzpa2fm+da/89I5PNg8wV+dMMPkyiaV/wB55n3Er9mv+CG/hefXf2uNQ8UzIFt9F0K5OU6Ca4eOIf8AkPeK+fyelTqYylSqn6PxrisRh8mxOOw9X2VSnY94+I//AAQ/8BfB3wLf/Efxz8Wxpem6Yn2i4ubjTAsUY/8AAqv5/NY+wf2ncW+hzvc6fFJL9nd08uWSL/llJJFX9xf/AAU48ML43/YZ+ImlxjzPs2lm9x/14yR3I/8ARdfwt16XFWBw+EnSpYekfM+FebY3NaGLxGOq+0+46Dwf4bvfGHi3S/B2lf8AHxql5FZR/wDXWeTyq/og/wCHBul20Ub6j8UZYJZX2IP7LHzyf+BVfk9/wTl8AD4l/treA9EZN0dre/2rJ/24xfaf/RscdfuD/wAF0fjh4g+HPhn4aeG/Bd3Jp+qHWJdbt54H8uRJLCPyo/8A0op5PgcEsFVxuJok8aZ3mzz3C5JlFb2XtP6/Q/KT9ub/AIJffEj9jrw5YePtH1J/FXh1/wB3d3cdt9nktJO3mR+ZN+7/AOmnavy7EPm1/Zz+wf8Atu/Dz9vX4VX3w++IFraQeJra08nV9IdvMjurfJjNxGAAPKm/559Y+hr8Df8Ago5/wT58Sfsp+MP+Ev8AA4kvvAepyfu5n/5cJf8AnnIP/RMlXm+SU/Z/XcD/AAiOEOOcZ9Yq5Ln/APvJ+X814IZf3CJJH/yzqvDZ+Tzev+8/6Z1Y86CH9xB/q/8AbqMAhsCvlz9Wp0/aExvfKGIY0ijFVaKKzOilS9mFFFFBqOwvrRU00t95skEH+rl/1dFaHN9YZXooorM6QooorQAqzp2n3usX9vpWkwPcT3Mnl28caeZK8tVq/cb/AIIs/sk6f8UfiTeftC+NrdpNI8LP5WnCT7j6iwP7wAf88Y//AENPSujLMDPF4j6tTPnOJ8+p5Pl1XG1D9UP+Ccf7CPhf9iv4XSfF74r/AGaHxlqFn9o1K7mbEem23+sMHmHjj/ltJjt6V+In/BSz/goVrf7V3i2X4afD6Q2vw/0af/RxH/zEJYus8h/55f8APGPvX2v/AMFof22b5b2T9k34bXv+jwpFL4hmjb73HmRW/wD7Um9tlfzrT9BX0ud5nToU/wCzsF/DPzbw+4aqYyv/AKx5uvaVKn8P+vyIAcYx2r+1n9p1v+GhP+CW2teKbVPPbVPCVvrcf/XSFUuh+qV/FIDjpX9oX/BLTXbP4y/8E89B8L67/pEdrFe6JdRv/wA8/MfCf9+mSjhFqcq2He1Q18XaHsIYDMl/y7qf1+R/F9jjNf0xf8G/Pg7yvD3xH8fzp/x8Xlhp0b/9cI5JJP8A0YlfzeeL/Dc/g/xbqnha9/1+l3ktlJ/11gk8qv67v+CIPgVfCH7G0XiEp5b+ItVu7zH/AFxP2T/23rl4Wwl8f/17O7xYzBLIEof8vfZ/1+B+o/xh8HW/j74Y+IfBN3/qtY0+eyk/7bps/rX+dneWU1pdSWM0flSRSeXJX+kjKonHlH+L+lf58/7UvhAeBv2k/Hnhef8A0aO0129WPf8A88jcSeV/5Cr3ONafu0qh8b4J4/2eLxOH7o/TX/ghT4GbWv2oNd8fTR+ba+HtGliZ/wC5LfvH5Q/79xtVP/guj47TX/2sNJ8I2rBl0DRYWlA7Szu8h/8AIYSvuX/ggz4LNh8I/HHjtoUjOoavDZ5/6ZWke8f+j6/Kv9pr4TfGX9tv9vf4naf8E9M/tzUtOvJIHjNzHbbEsRHa/wDLWWH/AJ5VyVKVSnkVLDUv+Xh6eGx1GfHGKx2Kq/usPT/4B8hfAuy/aQ8J+KdM+MnwG0XV5rnTZ8QX1jYPcxeZ/wAtY/3UVf1s/st/tL/Cr/goV8BdU+H/AI/0+KLWo7f+zvE2hTDbJHL9wug/55n1H+r6HnGZf+CVf7PXxX/Z1/ZnbwB8YtLGj6udUubgwCaObEUu3HzxcV+Iuofs3/t8/sdftDeI/wBr/QfDIttC0nUr/UruQX9tsutLmuHlkSSLzPN4ixXXgsLiMtp0p/xKdT+IeNxFmWC4lxWJpv2VKpQ/hVP+fp8d/t2fsa+KP2O/i+/heYy3XhjVPNuNEvm6PH/zzk/6aQ/yr4gr+2n9o34T/Df/AIKPfsZW+p+BZEmbUbJtT0Cf+OO9KYCP2H8cUo7DI7V/FPqOmX2kX8+k6pA9teWsksdxA/8ArY5YK+c4iyxYSp7Sl/CqH6T4ccV1M0wf1bG/7xS/iFAksafkJxRH8/8Ax71J+4+y+fA6SV4Z+h1KhWoqzMMeWP8AVSf9M6rVma0qvOGJvK8jfRRRQAUUUUAOJLGn5CcVYjhnkHy1Smu/Ikj8mP8Ad/8ALP5K0MqlQseTAOJ9/meX5lf2ifBu0sP2Bf8AgnXBr+sW6RXPhzQ5dUvbfP39Tm/e+X/39fy6/k1/ZO+Hv/Cxf2l/A3gfVY/tMd3rti0ke/8A5ZB/3v8A5Cr+lH/guh8RJ/Bn7MWheANIcRnxLqyrOn/TtZp5p/8AIgjr67h5eww2KxzPxPxGq1MzzXAZKvtn8qXi3xLrHivxVqfizXpWn1LVp5Lu7lfo8k/72uaII5NAODmndfpXyJ+z4bDUqdL2VIaBxkdq/qH/AOCBnj5NR+GXjr4YTH99pWqQX6L/ANMryMxj/wBJ6/l4OMDFftn/AMELPHMegftV6v4Jmk8lPEGjStEn9+WxZH/9Fl69vhmpyZhSR8N4qYD2/D+It/y6sfFH/BSH4d/8K0/bc+Ifh6GPy4LvU/7Rjx/0/R/av/Z6/rj/AOCeXhgeCP2JfhvpSp850WC7dP8Appef6Qf1kr8CP+C3Xwxu4v2ufDfiPR0+fxZpFtbR/wC3dW8vlf8Aot0r+onwhoUWgeEdP8L6MiRW2mQxW0ez/nnCmBX12R4L2eYYqx+O8aZu8Xw9k9N7W/8ATf7s7e51FC8cEYyJOjV/FD/wVt8D/wDCMft1eKpJ98cep29hqA+k9vHFJ/5Ejr+1+CCOJgq1/Kx/wXl8D3Fh8dfCPj6Ibk1jSpLLH9+SxcY/9KK6eLaLnl1jh8KsWqGeKn/z8ptH6n/8Ew9Et/hH/wAE7NG8X67H9mF3He63cf8AXLzX8v8A8golfztfsRftzr+yr8bvE/xl8TaRPr1x4mgkjkWKUW/7ye483fggj9K/pK/apvLX9mT/AIJYat4eT9zJpXhW10WPZ2kuEjth/wCh1/FRXgcQYmeD+q06P/Ls+48P8mw+d/2nicX/AAqtT/gn96f7Fn7Wen/tifCH/hbWlaY+iRLeS2fkSSCU/uuM5AFfit+2T/wWA8K+P/AvxC/ZqtvBNzbz3Ed/ov243kZj+/5PmeX5Vfmz+zV/wUq/aO/ZS+HP/CtPhYulf2d9rluv9LtvMl8yf/trXw54q13VfG3ifVPGOq7PtGqXkt7cbP8AVebPJ5stZ43iirPCUqdL+J/y8N8k8LIUcyxM8fS/df8ALr94f0Vf8EGv2iZpz4j/AGZvEM/yQY1fSVfH+qGY7iP89kg+r18Bf8FgPgXZfBb9r3U9b0tGSw8X2/8AbMeOnmf6u5j/AO/n73/tpXgP/BPT4tXPwl/bO8Ba7atttb7Uo9Kcf9M77/RR/wCh1+3X/Beb4bxXXwl8FfFSZPMutI1eewD/APTG8jEn/tAVpSf1vIv+vZNS2UcdUqlL+FX/AFP5dZryea18+BPKji/26s4+xRCCD/lr/fpTIQP3H7uq2cAD0r4w/aKdL/n4JRRRWZ3BRUnyS0VoHtER1bh+5VSpP+WdAVCPyb2biZ/L/wCem+rIl8mPyLeotqjlqQAvyaDmpYY/RH/gk7p39o/t++AYZkwkT6hJ/wCSVzX9C/8AwUs/YQ+Kf7bFr4RtPh9q+naWvh83slx9u3/vDP5fl48tD08uv5Pv2d/jx4u/Zs+K+nfGDwJBaT6lpIlCR3ySSRfv45Iv+WUv/TSv1DH/AAXV/a+Enm/2L4YP/bnPj/0pr6rKMzy6ngquFxh+Q8c8N57Xz2lmuUr+HTXyOp/4cIftL/8AQ1+Hv/I//wAbpf8Ahwh+0h/0NXh7/wAjf/Gq5P8A4fu/tf8A/QB8L/8AgHcf/JVH/D939r//AKAPhf8A8A7j/wCSq09rw/2OD2PiF3p/+Ujqh/wQT/aNCgt4s8PL/s/v/wCkdfSH7JH/AASW/aP/AGYv2hvDXxnvvE+jS2GjNKLq3tfO82SOeKSLj93/ALdfIh/4Lu/tfN10Pwv/AOAc/wD8lUN/wXe/a/b/AJgnhgf9uc//AMk1rSxPD0KntKRnjss8QcXhqmGxPs/Z1P8Ar0frt/wUU+Bi/EL4ufAjxI8PmPYeNYoZNn/PKWP7VJ/6R1+tdjDFHbgRNti9MV/ILq//AAW6/ap1u50+91Tw/wCF3k0uf7ZZ/wChz/u5fLki/wCfn/nk8lbH/D9n9r7/AKAfhj/wDn/+Sa9alxLl9OpVqI+Sr+GvEtehTw7o/wAP/p4j+vFZGI/cy59sV+Pn/BT/AOCVr8UvF3wQka1Fwn/CbWtjcD/p1nHmy/8AkO3r8lP+H737X3/QE8L/APgHP/8AJNc5rX/BbT9qHxFc6be654c8KyyaRefbbP8A0af93L5ckXmf8fP+3JRjOJMrrU/ZVXoLAeGvEuCrrEU6Nrf30f0E/wDBQb9ln4h/tZfAlPhL8PdXs9Jd76C4nN9v8p4otx2Zi5/1gSvxEX/ggh+0h1XxV4e/8jf/ABuuQX/gu5+1+g/5A/hj/wAA5/8A5Jp3/D9/9r/GP7D8L/8AgHP/APJNceOzPIsZP2mJPfyPhnjjKcP9XwKpqn/3CZ18H/BBL9pCEY/4Szw9/wCRv/jdVm/4INftN3QGPF3h8yJ9/f5//wAbrm/+H8H7X/8A0A/C3/gHP/8AJNH/AA/g/a//AOgH4W/8A5//AJJrk9rw8ex9U8Rv+nf/AJRPVvAP/BET9o/wN430XxVbeJ9C/wCJVqFre/8ALbzP9Hk83+5X6H/8Fq7MXv7E1/Mpz9i1SxkP/ApREP0evySk/wCC7P7YDLtGkeGR/wBuc3/yTXz9+0n/AMFR/wBoT9qf4UXnwh+I2n6JDpl1NFcSSWVtPFJ+4kEn/LSSb0rb+0sqoYOrh8N/y8PPpcLcW4zOMDjMyUP3dRdv0Pzcooor4M/oEKKKKALE3nyy+RB/q5f9XRUO9vL8nFFaHD9WqDaKKKzO4KKKKAqDgADhqsRxmf8A6500zQQ/uPL8yTy6ry+deR/boI/9V/sVocNTEliGb919osd9LdAt0/1lAAi/0eH91UBbsOlBrSpDaKKKzOkKKKtQW+f389BlVq+zK/XqanJgiMZvqPNHmxwWMfl+bVaGz8nzPt0f7uKtDm+s85oedPDK4n2eXFWfjHFE008n+upyruoOmlS9mNooorM1Hk7uBTMY4oBx0qxN5EP+j7Ekk8v/AMi1oZVavsx0MO/kU2GaDyvPsP8A0Cs+bz7yHz4I/wDVf7FaH/Hn/o8H7r/npQc3tecW9n/e/Zx9/wDjqtRRWZ00qXswooooNQooooAtmz+Uef8Au6p/bL6aWOeHf5cv/LOiitDiq/xB0MMFoZMfvJKRZZv4pKKKDWlQh2CiiiszoHk7uBU3k3Epx5dFFaEybWwn+p/cQP8AvJar+TPdxefev5f/AACiig80sTTeT/x7/u6r0UVmdlJIKKKKDoJVXbyakMWf9f8Au6KK0MKkmVppr6fy57Hf5ctEMMFn5n/LSiigwpk/nXH9+oKKKzOqmrbBRRRQaFr7LL/zy/WiiitDj9rI/9k=', 'medicine_rest', 'med@2024');
INSERT INTO `resturants` (`ID`, `Name`, `Location`, `Image`, `username`, `password`) VALUES
(4, 'مطاعم القرية الطلابية', 'خلف عمادة شؤون الطلبة', 'data:image/png;base64,/9j/4AAQSkZJRgABAQAASABIAAD/2wBDAAEBAQEBAQIBAQIDAgICAwQDAwMDBAYEBAQEBAYHBgYGBgYGBwcHBwcHBwcICAgICAgJCQkJCQsLCwsLCwsLCwv/2wBDAQICAgMDAwUDAwULCAYICwsLCwsLCwsLCwsLCwsLCwsLCwsLCwsLCwsLCwsLCwsLCwsLCwsLCwsLCwsLCwsLCwv/wAARCADIAMgDASIAAhEBAxEB/8QAHwAAAQUBAQEBAQEAAAAAAAAAAAECAwQFBgcICQoL/8QAtRAAAgEDAwIEAwUFBAQAAAF9AQIDAAQRBRIhMUEGE1FhByJxFDKBkaEII0KxwRVS0fAkM2JyggkKFhcYGRolJicoKSo0NTY3ODk6Q0RFRkdISUpTVFVWV1hZWmNkZWZnaGlqc3R1dnd4eXqDhIWGh4iJipKTlJWWl5iZmqKjpKWmp6ipqrKztLW2t7i5usLDxMXGx8jJytLT1NXW19jZ2uHi4+Tl5ufo6erx8vP09fb3+Pn6/8QAHwEAAwEBAQEBAQEBAQAAAAAAAAECAwQFBgcICQoL/8QAtREAAgECBAQDBAcFBAQAAQJ3AAECAxEEBSExBhJBUQdhcRMiMoEIFEKRobHBCSMzUvAVYnLRChYkNOEl8RcYGRomJygpKjU2Nzg5OkNERUZHSElKU1RVVldYWVpjZGVmZ2hpanN0dXZ3eHl6goOEhYaHiImKkpOUlZaXmJmaoqOkpaanqKmqsrO0tba3uLm6wsPExcbHyMnK0tPU1dbX2Nna4uPk5ebn6Onq8vP09fb3+Pn6/9oADAMBAAIRAxEAPwD5Pm8iH/X1Yx5sX+nJ5dV4YbDypLfZ5lH/AC0+0V+Nn+lBXooooNCTzP8AP+RR5n+f8inbEllqvvtfL8+APJJ/t0Fe1H+ST/r/AN3HT45CZuI/3f8Ay0pLdIYTGLj/AJZf6uOm4hPECUGfxif9e1FFFBQUUUTfufL8/fQAuZyf9XT7iQwt+4j82SkDXEp+55cf+rpvk2RMf7v/AFVBPxk/nDyvPmj/AHnl/wCrqvRRQUFFFA/1Uk//ACzoAKSb9zF50/8A37qPeZv3ECeZHL/rKnhji/18/wC8kl/1lAudi2482KRinlR/8s3pD8x4/wBVRktx/wAsqcTt+UUF06ZHRRRDD50maCQop0NxF/roN8klFAudk1FFFB0lekh/11LRQc5NvlvIv3+yOP8Ajo3W3m+fAn/A6b5fm80eX/n/ACaCvZElFFFBsFFFFADRcyw+XBAifvY/3clGy28qSCbZJJTfL/z/AJNHl/5/yaDH2RJ/raKKKDYKKKKAG7l8mSfYkklEzrNJ503+r/5Z03y/8/5NHl/5/wAmgx9kR/8AXCPyo6KKKCQooooAlhdfOp26WWLyJ08qP/lpTPL/AM/5NHl/5/yaCvZDi6/8sP8Av5RTfL/z/k0UB7IZzGf9I/d1bjkhnSO4H7v95WcttCY5IJ5Kmml+0S4oM/jE/wCWtFFFBQ4foabR/rpfIr6F/Zi/Z78R/tOfFa3+FPgm9tre/ubeS433W/y4/Ij8ynSpVKlT2VI58fj8Ng8NVxWKq/uqR8+eVKTgDFJDLAZI4P8AWeZ/H/zzr6R8Ofss+PPFP7OPiv8AaY+3W8ekeCL6LTLy0fzPtM8k8kcX7v8A77Sl+On7M3ir9n/wr4J8S69eQXdt460tdUtEiEn7iNI4x5cnt89bfVKvsvanjU+Kcsr4pYSlW/e/wvu/eHzZ/wAs/s9FFFYH0IoIHUUlOx1J4xXtvwz/AGafjz8Y44pfh34W1LU4J+k4gdbb/v5/qqqlSqVNKRzZhmGFwdL2uLq+yR4hUkqmI/6T/rP+edfqHpH/AAR7/b61y03N4ZtrECPy9lxqVv5n/kKWuU8Y/wDBJb9ujwBH9tuvBrahHF/Hpt5b3H/kLzfNru/szGf8+j5z/iIHD05+zp46l/4MPzsEuBHcf6vEf+r31CD/AHu9dR4s8G+MPAmrHSvHWlXmlXbfdivLd4HP082uXHBwe1cDVtD6jCVqVWkq1HYZRRRn/bpGgUD/AFXn/wCrjrtfh34C8SfFLxtp3w58AW7X+sa1N5EKjgAD/CvqX9u79knTv2P/AIq6T8PE1GbUje6Da387yf8APz5kkUnl+kfydK3WEq+y+tHkVeI8DSzKjk3tf3tU+M4bm2m8yG3/AHf+3VeZ1lpvl/uo4Bv8uKjy/wDP+TWB7PsiSiij/lp9noNivRTvtMUP+kCTzPKooObnZNRRRQdJXpIf9dS0UHOOeUS8WCeX5v8Ay0r9XP8AgjHDAP25NPPl/wDMH1P/ANF1+UM03mV+qn/BGeYRftzaPB/z10zU44/wt678n/3yifHeINO3DWP/AOvR3vwyI/4dN/tAjv8A8Jjp3/pTZ1lf8FOgg+Df7OWz/oSh/wCi7avZfh58CvjLpP8AwS++Ovhe+8MarFq2o+KbOezsntn8+4igubLzJI4/+WkfySY/3K8j/wCCqekap4X+HXwB8LazC1nf6b4SEE8DL5ckcuy3i8v8DxXv4mnOngX/ANe1/wCnD8j4exWHq8UYf2VX/mJrf+o9M/HrGOK9n+BvwB+KX7RvjqDwD8KNNa/uX/4+H/1dtaR/33k/5Zx+gFUvgh8HfGfx++Juk/CjwBB9p1HUHKF3/wBXBF/y0kk/6Zw1/a18DPgv8E/+Cd/7Ockc9zDY2OjW/wBs1fVbgeXJdSj/AFkj/niNO3AFeXk+T/W/3tX+EfdeJfiNDh6FPCYD95iqn4Hy3+yl/wAEkf2e/wBnmztdY+I1nD4z8TxRh3u7xP8AQ4Je/wBnt+gHb95+de3/ABm/4KH/ALHnwBkk0Txn4ut3vbP90dM0pPtkkfH+r/dDyk/7aEV+bl78VP2wf+CsniG/8GfBYSfDz4PW1wIL3VJkBubz/Y7eYOP9VF+6/wCesnavvr9mr/gmD+yV8DLEX6+H18R6zCgD6hqx8+T/ALZp/q4x/uivssKrUeTAU17I/m/O4U1V+scVYqpUxX/PqnvT/wAc/wCHT/69JO3kfO83/Bdj4DSOI/C/gXxVqsX9+KCBB+stavhj/guh+y1q1/Hpni7SPEHhxu8l5bRyRp+ETmX/AMhV+1mm6HpmlWqWemRJbxR9ERRiuR8cfC34b/EPTG0jx/4f0/XbWTrHf28dwn5ODXR9XxV/4h4ksx4cmvZ/2dVX/cwv/lR86+HPiL+yN+2l4IfSdLu9F8eaYyfv7SbZI8YP9+OQCRPyFfiP+25/wRbu9HtLv4i/shl5oIkMk/hyU5k4x/x7SE8/9c5OK+sPjz/wR78MnWm+LH7H2qXfw98U2zi5tYYJn+xmXA9W8yP8Mj/pnU/7I3/BRXx9pfxQH7Jf7bWj/wDCO+O4pDb22oBBHa32OI/+2kvPlPF+6l/hwRivPxVCnWXssfS/7if1sfSZJjsXlcnmXCWK56VP+JSqW9ol/wBe/wDl4v8Ap5T28j+TG8tL7SLu4sNWgmiuLWTy5IHTypY5arjzppf+eccX/j9f1V/8FX/+Cdll8UvDV7+0p8HbDPivSoGk1K2hUL/aFrAfmcetxGOR/wA9MYr+U0S+ccCvisyy2eEn7OZ/UnA/GdDiXL/rGH/i/wDLykf0U/8ABBn4HWOoav4q/aBvbcO9iYtFs2k6xuQXuMfVfKrwj/gu7kftb6ND6+HbU/8Akaav1p/4Ik+H4NA/Ygtta/i1bWL64P8AwHZF/wCyV+SX/BeKQJ+2XpEH/UsW3/o+evosbD2eR00fi3DmMqYrxSr1K3/Lt1afyppr9D8YKKKK+OP6nIIDtnqLzPP5to/L/wBurCtng02XL8dKDGpTJIWt4f8AU0U3y/8AP+TRQHshvJP/AEzq0iwzR/uP/IlV5I7iZMX0n7z/AJZ0ybNwc4+Sgz+MT/lrRRRQUKc9TX2//wAE3fiLY/Cz9tzwB4ovjtt2vW06Rn/6fopLX/0a9fD9WIbuezljvoH8uSL95G8dbYWr7OpSqHnZ7gYY/LsVgZ/8vKXsj/SIt5ra4YqvR8Y/Cv5A/wDguF8Q9F8WfthWXgvTrjzP7A0W1hbH/LO6nd5P/RbpX7Q/s6ftz+CdT/Yr8P8AxE8feKNHPiyPRpJby1mu4opZ7mIuP9V/012f+P1/KL4F0Pxd+1N+0fpmia1eNeaz451qKO4ul/5ZiaT95JX2vEOO9ph6VKl/y8P5Z8IOHKmBznG5njlanglUv+R/S5/wRc/ZetPhb8Cj8e/FVkI/EHjED7PI6fvY9NhJEf8A3+x5n/fFeJ/GG88V/wDBUj9tCf8AZ88N3Utp8Jfh1c79YuLc/wDH7dRAfT/loHihH/TN5PSv0a/b6+LOkfsnfsT65qHg0rYXEdtBouixxfwSy4ji2Z/54xgyfRKxf+CaX7PifAv9kvw1bzRm31rX0bV9UZwDIZbs744394Ytkf4V3fUKSVPAUv4R8jVzyq/rXFWI/wB5qVPZ0v7n/Txf9e6dkvU/QXwN4D8L/Dvw3ZeEPBdjFp2labAILa1hTy4o4x0AFdyQqmlUlVqCSeOIZY17jdz84nPm9+ZdrNury3tP9b9+sebUZJpPKsg39yli0ieWSOeZ/wDfFICxEXuHjuEPyuK+DP28P2LfDP7Xvwsk0p4Ut/FGlRyz6LqQxHLBcnGE8ztHJ0Ir9A3iGwBzinquY8OaipThOHs5nTgcbXwWIpYvDztUp7H41/8ABLb9qzxB8U/DGr/s6fHSPyviD4Fl+yXQnOJb2CMlTJgf8tIj+7m7cof4xX4c/wDBWb9lKz/Zq/aOOs+EbUweHPGsMmoWarxHBdB/9KjjH/fEn/A6/Vb9ujSU/ZI/bg+HX7bfhpxHpfieQ6B4hMY2bhtwJJPpH/6JFfRH/BZL4Mx/F/8AY6vfFunhTf8AgudNVhb/AKZsRFJ+UT+Z/wAAr5rMMP8AWcFUw9T+JTP2PhLPKeUcSYHNcKvZ4bGWVSnpbn2qL0VTVeRlf8ESvFGn+Iv2JLTw7DIryaNqt9bzKP4DNIZsf+P1+Rv/AAXc/f8A7ZemSf3fC9gf/I95XO/8EeP2hn+Df7Qd74J8V6xb6b4b8QafLJcSXU8cNtBc2QxG/wC9/wC/f/Aqx/8Agsx458K/En9rKy17wdq9pqump4dtIhPazJcxeZ50/wDzyrhxOKVfJbH2GSZHUwHidUqS/h1PaVPlUTPyoha2m8yCD/WRVXmZfM8j/nlTfL8mL7PD/wBtJKPL/wA/5NfIn9JeyI6KKKCSTzP8/wCRRTtlt/rp/wDV/wDTOigr2o6iiig2K9FFFBzk32hfMj8j/WS/6ujZbQ+Z/wAtP+mdN8vP+o/dUeX/AJ/yaCvZH9g37I37Lfwo8Yf8E/vDGv61pkkmpX/huV9/2ieMZm3/APLPzfLr8OP+COfhC38Xft4eHZrhd0ej2d/qA/8AAfyv/alf1JfsQaYsH7Dnwy0rvJ4X08f99wJ/jX81n/BErytL/bu+yS4jY6NqkC/7+9P/AIivucdhofWcEn0P5K4YzOvUyjimSqb2/wDch+lf/BZkQeMPGPwM+Atw/wC48S+JG89f9jzLW3/lO1fvPZ20FlD5Nuu2ONQiD2AxX4N/8FU4jYftq/s163cf6k620P4/arEf+1K/eq1YSQ7T1r2sI/3+IfmfmOee5lGU0oL/AJd1H/5Va/JIiutSEQkiX78dZIs5tX/fz10klnbzSeZKvSrteifKFW2sre0GIVxVqiigAooooA/JD/gsX4LtfFP7CnifUbr72hXWnahH9RcJE3/kOR69W8BS3Xx//wCCfNjY6sBJL4q8G+Reb/8Anpc2+yT+dVv+CqV/Y6b+wZ8RXvf9XLZW8R/7bXMUf9a2f2DAmj/sAeAprz5Irfw5DcfSPZ5leU5WxlX/AK9n2C5f9W8NU/kxL/8ATdM/nG/4Ix/DHwj8R/2qdV0Lxbate2lvoF1cJ87x/vPPgj/5ZEeldL/wWs+FPhP4aftC+GrPwZatbW9zoPmOjzPIPM89/wDnoTXff8EENN+1ftK+LNZ6CDQyn/f+ZP8A43XVf8F/bIQ/F34f6wvSfTrtP+/EkX/xdfL+yX9he0P3VY2r/wARSp0/a/Y/9wn4GUUUV8wf0eRydqckvyg2P+sl/wBXvpsnanJyv7j91QY1Q+zW0P8Ar/3n7v8A1dFN8v8Az/k0UB7IZzOatRiAxxz2/wC8/eeX89Z8kd/eR4/1flVNzGfIgoM/jE482T7PRRRQUSSdqcn3abJ2py52jz/3cf8At0FVT/QR/ZU0/wDsz9lfwBpjf8svD2nR/wDkBK/kM/YV8a2vwT/4KQ6FNqD+XC2t3+l/+B3mWsX/AJEeOv7F/hbbz6b8KPDuigf8e2m2sMmPaMV/Bd8aZbzwh+0d4v1TSJPs11p3iW9mt5I/+WckFxJX3HEFX2P1eqfyN4R4X+0XnmA/5+Uv/lh/Th/wWo8G67efATwz8b/Daf6V4B1+1ut/9yK5/df+jfJr9cvhf8StI+KHw08PfEjw5zY6/YQX0P8AuToHFfMvw08SeA/2+/2JrW48RBJLTxro5t75I+fInJ8uUDpzDIP0r4q/4JRfG3XvA0/iD9gT4yyfZ/FXgC9uY7BHwPtVhvJ/d+vlff8A+uUiV68akKeK9ov4dQ+AxGHnXyKeDmv9owdSpp/06qW/9N1F/wCVT906KKK9U+JCqs00MMXnTdKxLnVFgleKAeYRx/20qmLS8upUnm/5aUAbH2uaW4jMP+rkrZqrDDDDF5EPSqWoahb6dave3rpDFCm93folAH4uf8FrPGl2v7PHh/4G6CA+p/EHXbayig/56Lbusn/o3yR/wKvrT9pO6039mD/gn54gs7eQCPwz4UOlW8n/AE18gWsX/j+yvzO+EXib/h4J/wAFJJ/jc0Jvfht8KI/s2lMf9XcX+P3cgx/00DydP4I6sf8ABeD9oBdK8AeG/wBnbw5Lm416Q6nqcaY4tLc/uh/21l/9Ar5+rX5aWJxi2/yP1LAZHPE4zKOGP+Xn8Sp5e0s/wpU0zwz/AIN+LPz/AIofEO/PSDTrBP8Av+8v/wAbrqv+Dg7TWOs/C/V4l6LrEf6WtSf8G/8AYG1/4WjrWP3kn9jRr+V1XS/8F/dOl1HwZ8OdStv9X9t1BPzS3P8A7JXn8n/CEfeVMR/xtj+v+fR/NI/3ZPn8ySL+Cmtjzf8AV+VTm/cr/wBNP+WlNj718Wf1BSJKKKKDYj8z/P8AkUU77OvWf91HRQY+1Hf62iiig2K9FFFBzj/Ngt5P3P7x6qG05/ffvPN/1cdXD+55gH/fdEOyGbz/APlpQTUp1Jn+jjolpHpmi2VlDz5EKIDX8BX7WVlJZftQfEa1l+8fE2qsf+/71uJ+2h+1yo2r8RdfVfT7fPXzx4g8Q6z4r1u68S+JrmXUL6+f7RPdTN5kjyD/AJaSV9Hm+b0sXSpUqdM/GfDHw1zPhvM6+LxVWlUU1Y/aT/gjf+2xbfBjx9L+zj8R7vydA8V3PmafO/8Aq7TUf9V5Q/6Zzfu/+2v/AF0r9Sf+Cj37GXjHx34isf2rv2aJvsXxJ8HFZUjh+T+0Ik/5ZZ6b/b/loP3R4r+P3GOK+l7X9tL9rjTo44rP4j+IYEi/dx41CcU8BnNKnh/q2KK4s8L8TXzv+3skq0qdT/l5Sq/8vP8A972P6yf2F/8AgoT8Of2pbJPCGsAeH/HNjFi+0K4OyQyQZ817cH/WRD6/J3r9GZHku4/Otx5eK/zur34heOdR8Yr8Rb7Vbs+IUbcuoLL5U7OP4xJXtI/bT/a6QfL8RfECjt/p7/4V6WH4p5YfvaR8Rm30f8XOv7XLsTShT/59t/hsf3420cVqMouPxq59qk9P5V/AD/w2r+17/wBFK8R/+B8/+FH/AA2r+17/ANFK8R/+B8/+FV/rbhv+fZ5P/Eveef8AQRS/8qf/ACJ/fLealYafZPqF/KqRRrvZ2/hA4r+fb9q79rzxl+3R46m/Yj/Yhka+s9V/d+IPEHzfZ1sfvSeUSB+744kziX/Vx+34BeLf2pf2kPHvh+48MeM/Het6npdwNs9pNfPJE6/9NK5f4ffHX4z/AAgtprL4V+JtQ8PR3EnnTR6fcPb7v+unlVz4viONZ8iX7s+jyPwMxeXx+t1K1Kpif+XX/Pr/AK+P06aH9qXgnwf8D/8Agm5+y1Ja6hIlronhu2FxfXjja93PI2DI2BjzJJGCD1+UdK/jO/aZ+PviD9pn4za38UvELSM+qzBY4T960tR/qo46yvHP7Q/x3+Kmh/8ACMfEnxdqutabu3fZry5do/M/56V5Djjdb9v468nOM4WIp0qVL+Efb+HnhzVyWviszzSp7TE1P+Xh/Tb/AMG/2kY8EfEi9u38w/2hYR/+Q5K63/g4At45fgp4B1BOsevTJ/39t3/+Ir+bb4ffHX40fCKyuNN+FvibU9Atb6TzLiLT7h4N8v8A2yqf4g/H/wCNnxZ0u30T4m+KdS8Q2dpP58cF5dPcRRyf89P3tbrNaX1D6p7M86XhlmX+uP8ArGsTS9l7T/3H2PLqKKK+eP3Ijk7U5JoIVE0H7ySmydqdbeRCMwJ/33QY1SvCoh/18n/bOipvL/z/AJNFAeyI6seV/wA99/8A2zqjNfnyvPgSrEDtZReRD+9/5aUEc7G8RTUUUUDPbPgL8GrP43+OJvBWqeJ9I8Hxpay3f23WLjyLZ/nj/d+Zx+8+f/x2vtv41/8ABMTWPgb4FufGfjP4n+ElkXTX1Oz0/wC1iO6vooU8z/R/MP7wS1+XJyea/Uf/AIKWeL/B3j25+EkPg3VbXVBY+CbC2u/s0kc/kS7R+7k8r/VyV6+F+rfVqtSrRPzniOpndLP8vw2Bxns6VX2n/Lpf8uv/AJafI+s/szeKtE/Zb0n9qqe+gk0fV9Vm0iOz+fz45RvG/wD8c9KZ4t/Zn8U+C/2cvB37RmoX8D6V4vu762t7ZN/2iD7DJJFL5n/fuv07+Dn7YHhX9nf/AIJqeF4NEtND8U+IZvElyj6PqwS4kt4pjJ+88jzPM/4H/t155+21+0b4c/aF/Yp+EniHZo+l65b6vqf2zRNI8uP7J+8lii/d+Z+787/W10VcBhlS9qv+fR4uD4sz2pmVPCul+6+tVKXtNP4dqmnsvx9ocfqP/BLW88OaXp1542+K/g/w9Nq1jFqEFrql2ttIYp/Tzj0r85Pij4Jh+G/j7UPBFnqtlrkenShft9g/mQS8ffjk9q/q71/4m+BvE/hDww/hHxV8K54bbQbK3k/4SKVbi9jk2fvIwYpMeXiv5VfjH4Pt/AHxW1zwrDqVlq8dpdK32ywbzLOX2jFVnOAw2Ho/ukc3hZxZmucZhWpZlX6bezX+R6Nd/s1eKIv2XrT9qfQ9RttR0mTVZNH1C0g8z7TYXP8Ayy8z/rthP+/kdQeMf2afFXgP9nDwv+0V4qv7e2t/Fl7LDpenfP57xQcSXH/XP/4tK+j/APgn9448Kau3jP8AZL+LmsQ6L4X+Jem+Wt7dPHHHZajYjzLZx5v4fklcp/wUU+NfhX4kfGmz+HPwukQ+Cvh1p8OgaMsD+ZG8cAAkf8JB/wCQ0rk+q4f6t9aPoaWc51/b39jf9Pfa+1/6c/8ALql/4N0Mfx7+w94++Hfxq8AfBLU9VsrnUPiFaWN3Zzpv8qH7bJ5UXmV8/fG34Ra58Dfi/rvwg1y6iu7zQp/s8k8H+rev1q/aO+Jfw4vv23f2f/FOn63ZXFjo+kaEb24hmjkih8id/M8yT+Dyq0v2pP2JfA3x3+Ofif4v6D8avBNjp/iC5E0dvLeRyTpjjp5orsxeU0/3v1Y+byTxFxFCphf7dq2pVKX/AD6/5ee1t/6aPzM+HP7LXiT4kfs+eN/2irHU7e20/wAEvax3Fs6P5j+f/wA86+Y2UrX7PfsJaR8OvHX7GPxj/Z/1vxlovha/16/sYrO71a7jgifyMS+Z/wCQ6+MP2m/2QdM/Z78Lad4h034i+HvGMmoXJtPs+i3AkaPEby75ME/u/krjxOXv6tSq0j6jKeNKKzfFZXj6v732v7r91/y69kXf2Xv2D/i7+1Z4B8S/ELwBNb2kOhf6PDHc/wCt1C5McsnkW/8At+V/6HXzP8I/hT4z+NnxL0n4Q+BbX7RrOrT/AGeBJP3Xlgf63zf+uFfuvY/tRfsefsc+CPhb8ELu81fxDqngTZr9zf8AhOW1uLKfUr5JIpEkkkl/e8SyR9v3T/l4dZ/EH9nn9mf/AIKt6X8b/Ces2t74E8RGXUvPt5UcWX9qwvHLG/l/cEMv7zy/+eVdVbKsPTVL97/19Pmcu48zirVx6+q/uvZVKmF/df8APvt/18/iM8f1v/gmx4G8M6jL4O1/46+CrbxFB+7uNOa5WLy5Mf6veWB/DFfPH7Jf7GfiL9q/SPF2u6V4i07w5YeD1tZ7+41Jnjj8u48z955vAA/d1+nngn/gmz8LZf2gNV+L3xe8ceE/Efw61Ge9vMR6m0NyftBeSP8A1RA4/wCu3TpXNf8ABKPx/wDDX4dRfHPw/d65oOkvfLp9vpceuzotlP5H230k/eRfvE/Cur+zKX1ij7Sj7M8efHOY/wBjY2rg8wdepSVL/l0lb2tT95bT80fnv+0D+x7o/wACPB0fi60+JXhjxY4lih+x6Ldi5n/f/wAfBP7uviyaAQyc7+K/Yj/gpL4bTWvCmjfEm58R/D65n02eW0+w+EGG6f7ZtG+T97/yx2f+PGvx4xgfaK8bNcLTw+I9lSP0rw6zTE5plH1nFVva1SaiiivOP0Aj8z/P+RRT4VWWTyIaKDH2ovnf88P3dV6KKCQooooAX/Vn99/37p7JcTmSKb93/t1WEZiMfn/vKmmzMaCfjJdyw/8AHv8A990bll5pvl/5/wAmjy/8/wCTQaeyI/LhqxRRQbFfyZpov+mdL537n/Qf3nlf7FfSPgr9rL4yeBfDVn4U8OyaTFYWEflR+fo9hcP/AN/JbbzZK69v25v2gIhiCTRIv+5e0z/5Grs9lhv+fp8vVxWd+0/d4Sl/4N/+5HyB5FtDLic+ZJR5o/56f5/Kvr//AIbl/aD/AOeugf8AhPaZ/wDI1H/Dcv7Qf/PXQP8AwntM/wDkan7LDf8AP0x+tZ3/ANAFL/wb/wDcj44UQnijy4ew4NfZE37cn7QUw2ySaCo/2fD2mL/K2r5N1LUptX1W41S+2faLqSWSTy08uLzZ/wDplWFSlS/5dHqYDFZjN/7dR9n/ANxfaf8AuIp+RjvimqRCOn7yWlx9o8yDrSYtopPPJ8yT/wAhViehV9oKsE8v+kXH7oRf7FJzIf3H7qjLNxTidvyig0p0yT/lp9oooooNiOTtTo/3K+fPTZO1QJD5KxYfzPKoMao7fJP5kE/7v/gFFS+X/n/JooD2RHSeT/z2fy6iluIoP30H7z/ppViG4uYY/wB/+8k/1lBHOxv/AC1ooooGFFFFAEnmf5/yKPM/z/kU7Za/3/M/55+XRZvKfLn/ANXHF/yzoK9qQf8ALPBfzKWj/wBFUUEliiiig6CPzP8AP+RR5n+f8in4XyvP3pVbev8AqIP+Wv8AHQY+1NB4fl4fypKqx96Vpht/56SeX5e+kj70BSJKKKKDYj8z/P8AkUeZ/n/Ip2xaWVVhEnHmSUGPtSD/ANFUdf8AppRDNP8AvJ53/dy/8s6PO86bz6CSxRRRQdBH5n+f8iinbF3+RRQY+1DKw/6hEo3rTfL/AM/5NHl/5/yaA9kR0UUkP+uoJHfMT+/+5T2kuJppIbePy5KRY7hj/p3/AO8pv75jQT8ZLC1tD38ySj7QJRzspvl/5/yaPL/z/k0GnsiSiiig2IOSahuJIYo+I0k/56VYQ3Hl/uX/AHf/AKLpsI8uPyIf++6Dl+Ml3S9L6T/gFH2hfK/0dEpvl/5/yaPL/wA/5NBp7IkooooNivTn+9/6Ljpv7/ypPs7+XJT3/wBf58/+s/55/wDPOg5p7km6S8ixB+7j/wCWnz0kL20P/Hun/bSSmzJ5tHl/5/yaC/ZEnm+bRRRQbEcnanL++X9/+6ji/wBZTZP9aKekE+3/AE5//tlBjVIoXuZpfJgj8qSim/8AoqigjkYUUUUDD/lrRRRQBYooooOgr0UUUHOTNBlabH3oooKpElFFFBsFFFFAEPlXCmnFc8iiigzpSZJRRRQaBRRRQBXo/wBVRRQYXZYooooNwooooA//2Q==', 'village_rest', 'vill2024'),
(5, 'مطاعم ظاظا', 'مبنى مطاعم الجامعة', 'data:image/png;base64,/9j/4AAQSkZJRgABAQAASABIAAD/2wBDAAEBAQEBAQIBAQIDAgICAwQDAwMDBAYEBAQEBAYHBgYGBgYGBwcHBwcHBwcICAgICAgJCQkJCQsLCwsLCwsLCwv/2wBDAQICAgMDAwUDAwULCAYICwsLCwsLCwsLCwsLCwsLCwsLCwsLCwsLCwsLCwsLCwsLCwsLCwsLCwsLCwsLCwsLCwv/wAARCADIAMgDASIAAhEBAxEB/8QAHwAAAQUBAQEBAQEAAAAAAAAAAAECAwQFBgcICQoL/8QAtRAAAgEDAwIEAwUFBAQAAAF9AQIDAAQRBRIhMUEGE1FhByJxFDKBkaEII0KxwRVS0fAkM2JyggkKFhcYGRolJicoKSo0NTY3ODk6Q0RFRkdISUpTVFVWV1hZWmNkZWZnaGlqc3R1dnd4eXqDhIWGh4iJipKTlJWWl5iZmqKjpKWmp6ipqrKztLW2t7i5usLDxMXGx8jJytLT1NXW19jZ2uHi4+Tl5ufo6erx8vP09fb3+Pn6/8QAHwEAAwEBAQEBAQEBAQAAAAAAAAECAwQFBgcICQoL/8QAtREAAgECBAQDBAcFBAQAAQJ3AAECAxEEBSExBhJBUQdhcRMiMoEIFEKRobHBCSMzUvAVYnLRChYkNOEl8RcYGRomJygpKjU2Nzg5OkNERUZHSElKU1RVVldYWVpjZGVmZ2hpanN0dXZ3eHl6goOEhYaHiImKkpOUlZaXmJmaoqOkpaanqKmqsrO0tba3uLm6wsPExcbHyMnK0tPU1dbX2Nna4uPk5ebn6Onq8vP09fb3+Pn6/9oADAMBAAIRAxEAPwD5Hook/c/6/wD79/8ALWrP/Tfy08uv4jP9RPalaiiig0DiH9xD+7ooooAKKKcBBF/r5MY/550GdSr7MbRVnAgizMif98VWoCnU5w+Uf9c5aP8A0VRRQHsgooo/1tBoFFEX2fzY4P8AWSS/9+qJuIv36fvP9ygz9qFLjMXkD95SUUGgUUUUAFFFOgW3nEkMP7ySGgzqVfZjaKJf9bGNn7yigA4/2N/9+iiigfsqYpiggl84P5n/AD0pKKKBU6fswooooNAz50vkQUedDAPP3pJH/wBM6UiaU4sE8uP+/QIoYZPOg6UHN7SpP+GN86+mhj/5Zx/+h1BDDBDxB+8/551Y/wCWn2iigf1UKKKKDoCil48rzp0pP383y+X5Vv8A+jKDnq1Qmmgg/j8z/rnUipPMP9P/AHcf/LSOo/3EP+o/8iUUGfsqkx0cQtIgLd/3lNoooOinT9mKWJGKNvX2pK+rf2Q/2T/F/wC198Vf+FY+DrmLT0it5by9vZ/9XDFvjjwI/wDlpL89deBwFXF16WHw38SocOb5phsrwdXHY6r7KlSPleG2uLueO3i/1kv7uOv1Z/ZW/wCCS37QHx0W08SeO4x4M8PyNuMl7EPtssX/AEztv/jvlV+x3hb4BfsC/wDBMTwzD46+JF3bS+IvLzBf6l++1GeQf8+9uMiP/tkP+2lfmh+1T/wWk+K/xEe68J/s3W7+E9ElHlfb5/3uoT9P9Vx5Vv0r9Fp8LZVk37zPqvtKn/Pqn/S/Q/D6viDxLxTU+q8H4X2VP/oJqf1Y88/4KcfsW/s5/spaR4c0/wCGevzya7cS+Vc6bczpPJ5Xl/6/yz9z8OK/H+3Ahi8iH/to9bN/qOqa3qc2s61dTXt1cyb55538yR5P+mklZ/3uFFfEZ5jsPjMZUxGFpezpn67wpkWIyvLqWFxuK+sVP+fgyiiivGPpQoo87yZfIgg/eUUHP9aCiq000EX/AE0krR87yf8ASP8AyHQHtEV6KKKDoD/W0UUUAFFHlzVCJbcyRmFPtFBnUq+zJqKnmmmh3wb/ADKgoCnVCiiig0HAEZx2pM8Yr62/Y7/ZB8d/tl/E+T4eeDrldOtbKATXt/MgkjiXsBGcCSX8hX7ap/wQN8BeVsPxF1Jj/wBeUf8A8cr6rKeDc0zKh9Yw9L90fn3Evijw7kOMeBzHE/vF2Tf5I/mTor+niH/ggj8O9/lQ/ELUs/3/ALBH/wDHau/8OAvAXl4l+Iupf+Acf/x2u9+HPEC3pHz3/EdOE/8An5/5SqH8vjnc2a/b3/gg6rf8NQ+JNp4Xw5L/AOjoK+wD/wAG/ngJBu/4WJqX/gDH/wDHa+wv2J/+CX/hv9jL4j6h8RNF8T3mvtqFh9g8m4gjiCfOj7+P9yvp+FOCc2wWa4fE4mn+7pnxfiR4s8OZxw7ictwFT97Ut/y6ts0fzr/8Fabief8A4KCfEGKeRv3b6V5f/TP/AIl1tX50Ku6v64v2k/8AgkD4P/ad+OGvfHHWPGd9o15rf2YSWUFqksSC3gjhHJcdRHn9K8cf/g36+H0bYPxG1Lb3P2CPj/yLXFnvAmdYjH4jEU6elSf4f5Hr8IeMnC+ByPA4LEVf3lKnTX8Op0P5gMr6UZX0r+neb/ggJ8O7T/X/ABG1L/wAj/8AjtFn/wAECvAUvmQQfEPUv9/7BH/8drzf+Ic8Qf8APr/yofQf8Rw4T/6Cv/KVU/mGxjilBIOa/pk1X/ggX4Zn0poNI+Il+l3/AMsxNYxSR/l5or+ff48fBjxn+zp8V9V+EPxBRDfaS4IdP9XPFP8AvY3jrw844SzPK6XtsZT0Po+FvEjIeIatXCZdV/e+ljyLE3leRvooor5o+8HFoIpfOto8SCm0UUGdOn7MKKKd/wCjP+WfmUBVGw/vahguoTxBvkerE8VxP/r/AN1H/wA86b/y18+CPyqDm/eTIRHjy/Nb/Vf8s6nxBBLJ5Efl+bSUUGtLDBRRRQdAUf8ALLz/APlnSf8ALKTyI0kkpfJHm+ffP/1zjoOerVP6GP8AggPP5ni/4nmFHk82z0v/ANGXNf03WunyzGKa4bOOwr+ST/giT8evAnwo+PGv/DrxfKlg/jSG1gsJn/1clzbyS/ux7y+ZxX9ad1r2kaWgm1O6itxLjb5jBOnpX9P+HWJhPIKS/wCfZ/CXjRQrw4uxU6tOzqKn/wCm0b9pY29oXaH/AJaVo7Frkf8AhOvCH/QWtP8Av8n+NH/CdeEP+gtaf9/k/wAa+454H5fyyOu2LTcf7P61yf8AwnXhD/oLWn/f5P8AGsu58deHN8f2PVbTZ/12jpc8A9nLsdneXVtZxedNWLLdzX8iw2Kf8DrnrfxN4Qkbz7vVLMn/AK6x1pw+NfBUUXlxapaRqPSZBVc9MfJNGxDpA3SSzf8ALStS2sorWHyUrnP+E68If9Ba0/7/ACf40f8ACdeEP+gtaf8Af5P8aXPALSNdolmjV0461/Gr/wAFss/8N26ln/oD2H/ouv7ELfV9OlsW1WKdHto+rK2V/Ov4e/8Agph8d/Bf7Q/7X+u+N/AM/wBt0W1itdOhuk/1c/kR/vHjP/PMSV+aeK1aH9k04f8ATxfhc/bvo/4ac+JalT2d4QpVP0Pgaij/AE3955GyP/pp/wBMqK/nM/s760FHk/5/yKg+14l8mx+//fqfzv3v/TSgPaf8+wooooOgXdg5HFAJHSp9P07VNa1ODRdFtZry7uZPLgggTzJHk/6Zx1+tfwC/4I1/tRfF+yt9f8dtaeDtOk+ctdkXF2M9P9HjI9MYeaM+1eplmR43Mans8FS9pY+d4i4syXI6ftMyxXs/L/gH5IsGC4ao+cfSv64vhR/wRE/ZI8Fm3vvHN7qHi+cD5hdSm2t3/wC2cTD/ANGV9++Av2Pf2Y/h8sa/D/4faJpskP8Ay0WzRpP+/kn7yv0PC+E2ZS1xNWnTPxvNvpFZRR/d4DCVKn/lL8j+EDTfC/ivXh/xJNOub3/rgnmV3Fv8BPjreR+bb+B9emj/ANnTp5P/AGlX+hNp+mWGmxG3srSKKJfuKgAC1qFy3Ii4PvXu0/B2mv4mJPk6v0ksZ/y6wFNf9vs/zzJP2d/2gbb/AFvgbxDH/v6XP/8AGq5DWPhx8RvDh/4qTw/qVl/13s5Iq/0ZA6pwY/1qAyxZ/wBSPzqqng7Qf8LEWMqX0kccv4uBp/8AgbR/ntfs23g079orwBeR/fg8SaS353Edf0X/APBfe3aX4J+BNSDZ+z67LF0x/rrZ/wD4iv2k8QfBH4NeKL2HUvGvhjSr68tm81J7q0ikdHx94ZUgGvFv2t/2UfhT+2J8Prf4c/Eia5jg024+3QPZyGKWOVo3iz/3y7V62E4Dr4HJ8bl9Kr7T2h8zmfivh814my3PMThfZwofxFf2mn4H8FxH73yTTvIyOK/fL4v/APBC34laTJNqHwF8UQa5bxf8ueqwi2k/7+Z8qT8oq/Fz4s/Bb4p/AnXf+EQ+LPh+60O7U4T7QuYp/wDrnKP3MlfimbcNZplv++0j+peHuPsiz5+xy7Ff/LTyyiiivC9qfa+yphRRRR7UPZUx3zH8KcYllGB2qtPNbR9/MkFTRS+dHJPcf8e8v+roMva0/wDl2f2Cf8E4UXwt/wAEq7TXsbMWWv3I/C6uP/iK/jyg71/Yj+zwv/COf8EZV1A/uzF4O1q5/wC/zXEtfx7V+leIHuYLK6f/AE7PwrwbXPm/EeI/6iF/7lCiiivzE/fQ83/YT/nnRRRQP2bH4xjtXuP7OX7PHxD/AGnvidYfCj4aw+dd3P7yed/9XbW3/LR3/pXhdf1A/wDBLTxt+xz+zN+zvHf+K/H3hyy8VeLNt7qPn39vHcwYz5VvgY/1MeMj/noz19XwjkdLM8f7LEVPZ0z878TuLMRw/k6xGCpe0xNX+H5H6Kfslf8ABPv4AfsiaSt74YsRqPiF4BHc6zdjfdPgchOcRx/7KDFfc3nahdDyVHz/AIDFfJkP7dn7F0snmXXxW8ND/YOowY/pWhL+39+xVEu3/hafhofS/h/+Lr+lsLVy7B0/YYWdOFNdD+F8woZvjq7xGNhUqVH198+sF0qLH7z5qu/Zwp355r5H/wCG/v2I/wDoqXhv/wAGEP8A8VR/w39+xH/0VLw3/wCDCH/4qu143C/8/Ifgef8A2Rjv+gef/gH/AAD698pv736f/Xo8pv736f8A16+Q/wDhv39iT/oqXhv/AMGMP/xdH/Dfv7En/RUvDf8A4MYf/i6X13C/8/IfgH9lY/8A58T/APAP+AfXW3/a/T/69QXEjRJ8nJr4+u/2+f2KGi2x/FTw0j/9hGH/AOLqun7df7ExbzX+KfhoH+5/aMNH17Cr/l5Af9lY7/nxP/wA+t1lu7791H8mPv1ej0yONt69a+Sf+G+v2Jf+iq+G/wDwPiqb/hv79iP/AKKl4b/8GEP/AMVT+vYR/wDLyH4B/ZGP64ef/gH/AAD62WCFvlgGK8e+NXwQ+GHx38FzeBPirpFtq+m3AP7udN2w4+/Gw5Rx2dcGvI2/4KBfsVyjEfxR8Nj/ALf4h/7NSD/goJ+xci7X+KHho/8AcQh/+KqJ4vBOPJUqQ9NCoZZmFKfPToTU/wDBP/I/LTRP+CDHwns/Hl9rfiXxlfz+GtwktbCGFIpoz/de4B5HsI/xrvn+Dn/BEr4LlvDviKbw297F+7lS8v5r+Qf7+ZJdn6V9pfEH9rz9gj4n+BdU8EeIfiT4auNN1a2e0niOpQjfFPwR98dq/iS8daFpPhbxnqvhTRNSj1Sz066uYLe9ibzILmLzP3TxyRV+XcSYjK8i9lVy7CU5+0P3fgbCcQcXV6lHOM0xFP2S/wAGnrovwP6mv+GVf+CPP7R92NB+F02iPq8o+RNK1KW3uf8Av0JP/aVfnd+15/wRn+JXwm0248a/AK/l8WeHII/Mn050xqMMY7ReV/x8/T91X4m20q2U32hHfzP79ftj/wAE6P8Agqt40+E3iO0+En7Q+oNq/hO6k8mDU7p91zp7f9NZf+Wlv7/8svpXzOHz/I85l9XzDC+wf/Pyn/w3+Z9pmHCPF3DEP7TyTH1MRSp/8uqnb0/4b9D8T7dUjkAhT95/y031HNwARX63/wDBVfwh+y3qHjy2+Nn7NnirQ9XOtyeXq1hpd5HLJ5+B+/jSIn/W5xN/9nX5EzEghjXwOe5ZPAYyphfae0P2XhDiCnnuU0szp0fZH9faOfDn/BEYzTDh/Aflp/29r/8AZ1/IaVAUEV/TV8cP2oP2fZf+CSkPwc8L+MdFu/ESeFtF07+z4LyKS5MsBtxInl+4DV/MtGmGwK+x8RsRTlUwVKlU/h0v6/I/MPAzD140cyxWIpez9piCPy5qKdLG03Pn/u6K/OD9q9rUG/67/UVZ8n959n3/AD1QImlkEP8Aq4/9Z9ypxcHH2aD/AL7oNPaVJ/wxKKKKDpCiiiH99LmgAohhmm/1EdOmlt4fLA3y1Wg8+WX98/leV/zzoOdYn/n0T+T/ANNP8/nRSzTmTikoNaXtP+Xg5/vUcqa9R+D/AIy+KPhHxWlv8I5f+JzrHlWaLHbxzyz+bJ/q445Ypq+0f25fi9rtpoGhfsrXl7aazq/h3994p1SC3t4/P1aXpBH5UX+rs/8AV/8AXTHpXs4TLoVcHVxE6n8M+Xx+f4jDZtRyynS9p7X/AKef8uv+fv8ACPzbBx0pwz1Hav2M8Z/ALTbb9j6//Z7i8MzWnjDwZpNn49vNS+z/AOvlvhm9tPM/6Y2rQ/8AfLfh82/sQ+J/irrPiUeC9G1pNG8EaHHLrGuXj2tu32ay/wCWn7yWLzfMm/1cPtXbPhqpTxNHDVP+Xp41LxBo18txeOw1H+DU/wCfn/Lr/l1U/wC4n/APgUxTzdaQQgx+dD0r7xuNcvf2+f2zdMlt9OTR9CuLvy4LSCPy/s2k2P7yR8p/y0Me6T/rrXof7fel6b8TPD3g79qTwf4bfwrp+s/afD99pph+zm3uNMk/0b/v9bBfwSs58PXw+JxFGp+7pmtLjep/aOX5ZiqPsqtT/wApf8+qX4H5lUUUV86ffhRRRj9158/+roM/ahR5R/5b/uo6h8379vbp+8i/v1NFx/pE2/8Aef8ALOgzWJ/59B5P+f8AIoo/1tFBpSCiiig0DE3/AD0ooooAKeHI+7xTSCOtfoZ+zr/wTP8A2gP2o/h9F8SPhZf6DcabMWhkSe8kjnhkiyPLkj8r93KMfhXoZfluJx1T2eGpe0PDzziLLsow6xGZ1fZU2fnmAIz50/7z/pnULPfO3lX0n7v+/X7FQf8ABDn9tqICVG8PF/8Ano98/wD8br5a/aj/AOCfnxv/AGRPDNt4w+MF9o/l6jP9nt4rS7kknkl9o/Kr08TwtmuDp+2xGG/dnz2C4+4ex2JpYXD46nUq1NNj4ghxCD5NOKz/AN+rFlZG5v7exadLbzZIo/Mf/VR/9dK/WrR/+CJ37ZGs6ZBrOk3nhu4t513o6X0g3x/9+q4MsyLGY7/c6XtD2M34mybJPZLMsV7P2h+RrMz8+lIp/hPSv2HH/BDr9uL+/wCHh/2/v/8AGq/OH4/fArxh+zv8Sp/hV42u9Pu9XsY4pJv7Pl+0Rwef/wAs5P3f+srrx/D2Y4KHtcZhuSmZZRxzkWbYn6rl2Kp1Kp6J+yR+0H4f/Zn8f33xG1bwo3ie9ktZLSyf7d9jks3m/wBY8f7qb955dbkXxx/ZU07xNp3iTS/hbqQu7O+t7x2uPEnnxz+RJ5nlyf6N/wAtq+OBb2sy+XN+6T+//cr9ZPDP/BF/9rzxXo1p4p8K3Hhy9tL+COe3ul1F5PMjl/5aD936dK78q/tTFw+r4Kl7RU/+naPm+KqHDmAxrxubYn2dWr/08q09j548Jft3/H/Qfjmfiv481rUda066vLmS80Ce9f7DPbXu/fb+X/qfLET/ALj9zWn4R/am+AXhf4M3/wAEbr4Y382n6lqsupXM8HiH7NJc/wDPvG/+i/6uLj/tqPNr6PH/AARD/bVih+0LJ4dAHb7c/Hb/AJ5V+ff7R37Ofjv9lz4hH4X/ABEvtPvNV8iK4kTT5ftHked/z0/df6yuqv8A6wYKl7XGU/3f/Tz/AKeHmZbS4GzjELC5bUXtdH+7qVKX8Lb+H+B6Xp/7TngL4eWPiKf9nzwpf+Dtb1vTYtLj1B9akvZLaL7R5ly8f7qH95NHHHH27Vz1n+1V421T4J+Kvgx8WJ9Q8W2+uPY3Gn3V5eu8mmXNlJ/rI/N87/XRyeXXnfwD+C3ib9or4q2fwd8DXdjZaxfxSmAajL9njeSAf6sOOTL9K/R5f+CIv7aDfcuPDh9P9Nk/+NVjgcLnmPpc+CpfuzvzefBWU4r6vmVX2dX93U/e+09rp/DtUPx9PB9KPI/c/wAFfr7e/wDBEv8AbU06ye+v5fDkUcS7pHe+f+kdfAGifAjQPEcskI+IfhK3ktXkj3z3N1F/6Ntq8rFcM5nQ/wB4pezPew3H2RYv/csT7T2f/PpHgKz3A/cWH+sqt5OZvPv/APWf8869k8X/AAo0nwRayRWnjDw/qTf88tPmurl3/wC2gtvKryTkj6V5GKwtTD1PZVT3cvxlLG0va0gE03/LD91Srt/iptbfhjw5f+MfFOleEdDKLearcx2sJk/1W+V/LjrKlR9pU9lSPSrypYal7atsYlOXkgGvs39qf9hL44/se6XperfF+TSpU1e5ktovsNxJJjyhkf8ALL0r4wrqx+BxGDq/VsTS9nUOLJs5wWaYb67gavtKQf6n/XukVFV/It/N+5/008uiuQ2/eFj/AFtWIYf3vkTb6zpoZ5pcT7/L/wBZVn+LyP8AlnQae1qTFJyc19p/sVfEP9sLwD4/dv2Qre/vruVovttnFb+fYumMf6R/yyBx/wAta+JJhwFFf3lfsKfBfwV8E/2V/CHhvwnbLG17pttd3kqjD3F1KitI7+5Nfe+H+QVMyxntadX2fsj8m8YuM8PkWV0qFTDe3eI/5+/w9P6RvfFLxt+0doP7Lf8AwmHw20G0vfiS2mWsg0tyBbi+lMQnj5l6RZf/AJa/w9a/l9+NP7Hf/BU79pLxv/wnnxT8KXmr3Z+WAJdWMUUMf9yOMS/u6/s4kilChYDhfWqd86ww75Pu+v8A9av3PPeE4ZrD2WIxE1Dt/SP5L4T48xPDlSpXwWHpup/PUV7eh/DqP+CV/wC350Hw3u8f9fln/wDHa/RP9mjTf+CzP7Mmh23gjRvAn9teHocRQ2urXFrI0US9NkkdyZUA9CMV/Tm+oEBBEM5qlHYXl1KGuBkR9K8PLfDnC4Gr7fBYmpTn/XkfW534zY/OcMsNmWAw1Sn/ANe6n6VD8F/i18Yv+CyPj/QZ/Dfgn4V2/heKWPY1xBNa3Nxn/pmZbny0/GI1+PWqf8ExP+CiOvatLrGt+ANRu7m/k86aee/sZJHl/vyf6VX9y+Ih0qFlDdFyK6c14EoZjJTxuJqTt0OHh7xWxWRRccqwGHp38qv/AMtP4XU/4JY/t9Hj/hXF1j/r9sv/AI7X6A/su+GP+CzH7Kekp4Q8KeBzqvh4YRNM1S5tJEh29BFKlyZY/wD0VX9UYLbf3gyKaV3cKmce9cuX+HOFwNX6xgsTUpz+R3Z141Zlm+G+q5lgMNUp/wDXup/8tP59fip8bP8Ags7468PS6B4L+E9p4YF1H5b3UdzaXNxEfWPzbny/zir8hdd/4Jn/APBRzxXrl14i8R+Bb/UdTvm8ya5ub+2kkkcf35PN6V/cDJeRRISegrJmvZrjCWa8P0euvMuA6OZf79iak7f12ODh3xWr5JK+VYDDU3/3E/8Alp/ENpH/AATN/wCCg2h6zBrujeB7yyu7SX7RBPBe2UUkcsPR4/3tf0af8E9PFP8AwUHum1Dwl+2FoIt9NsLSL7BqTfZhPPIeqSeTJ1H/AFyFfpzplihKzOGynGK3bq0R4/LVcj610ZHwLh8pr8+HxFT0exzcW+KGYcRYb2GY4aldf8vPZ2qH8wX/AAVj+I//AAUEXXPEPg2202+0/wCE4ASO80yPJu4xFH5n2mSL99HGJN/P7qPGMmv54MkHK8V/o9X9tYtFJHqUQls3G1t3Rh06detfwb/tyfCjw/8AAz9rbxx8M/DQjh02wvRJDFHwFinijuvL/wC2PmV+a+J/Dk6M1mXtOf2mh+3eAnGVDF06uQrCU6dSnT9p+7X8S3/Pw+U6KKcF8qL7RPxX5Gf0dUq+zG19J/shacdR/aq+HFvJz5fiTTZP/JiOvnAGWUyQ2UfleV/HX2R/wTu0U3/7bPw2tJ0xJLqsbyR/9cP3v/tOvVyGHPmGGh/08pHzHFuM5Mkx9T/p1V/9NH7D/wDBwFf40b4W6f8A35NZk/S2r+a5eufSv6Ff+DgHUPM8efDbSv8AnlYanJ/3/eIf+06/nor6DxDnzZ/iUfKeCcOXg/Cv/r5/6cCiiivij9WCiiigCKYkLtHSv70v2GvjH4V+LH7LPg3xP4TuY5xFp1va3CJ/ywuY1WN429w+a/gzyQNtexfB39oH4y/AHVW1f4P6/c6S9xzNHEwlim/66Ry/unr7ngji2GR16k6tL91U/Q/JfFnw5qcUYSjHCVFTq0vuP9CGXUoEcxxjdJVKWK5H7uWbA9MV+dH7Rnxy+J3w6/4JvTfHzwpfi38TjQ9JvPtjwxyjzZ3gEh8v/V9HbjpX85sP/BXT9vq1t1ig8aRBR2/syz/+NV+4Z5xvgMpqU6eJp1Pf8j+WOEPCrOOI8PVxOBnStCp7P947fof2xQy2tuMQrirH26P1/wA/lX8Tf/D4D/goD/0O0X/gss//AIzR/wAPgP8AgoD/ANDtF/4LLP8A+M14P/EWso/59VPuPrP+JfOJf+ftH/wP/wC0P7ZPt0fr/n8qPt0fr/n8q/ib/wCHwH/BQH/odov/AAWWf/xmj/h8B/wUB/6HaL/wWWf/AMZo/wCItZR/z6qfcP8A4l84l/5+0f8AwP8A+0P7XTqlsOX/AM/pVK51WGdfs8fFfxVP/wAFfP8AgoDIMS+NIX/7htn/APGqE/4K+/8ABQCMbYvGkKf9w2z/APjVH/EWcnt/CqC/4l84l/5+0v8AwZ/9zP7S1ti4/wBLfNbcc9tGNsa4r+J7/h8B/wAFAf8Aodov/BZZ/wDxmj/h8B/wUB/6HaL/AMFln/8AGaF4tZR/z6qfcNfR84m/5+0v/Bn/ANof2wBrlQFi6fhUiq5Pyjmv4m1/4K+/8FAVGxfGkW3/ALBll/8AGq/Vn/gk5+25+0x+1H8TvE3hf40eIU1Oz06winiWOzt7bY5Yj/llGK9HKfEbLcxxdPB0Kc+eflt+J4PE3gzneR5dVzLG1Kfs6fZv8P3aP6Brm6htofPkIjRup/lX8Ev7dnxL8NfGP9rnxv8AEPw5dI2nXV6sULx/8t0sIo7XzIv+/dfY3/BUv9rb9pC4/aZ8c/ACLxVcweFdLmigSwtBHbGSKe2jkMbyRfvX/wC2lfkIDtgxNH/q6/O/EXiunjZ/2bTp/wAOofs/gr4d4nKoLiDFVLe3pfurDTKZW+z2T/8AA6rCP/Vz3A82Sp//ACFH/wBM6K/Jz+g/qv8Az8HH7or9BP8AgldZ/bv2/fhzZj/lnPfyf9+LK4r8+a/Uz/gjLpK3/wC3f4emY/8AHlp9/cf+QvK/9nr6Hhanz5xhf+vh8r4gVOThrM5/9Oqh9Df8F5dR839onwno/wDzw0WST/v9If8A43X4W1+zP/BdG6879szT7If8sfDdof8AyNNX4zjGea7+PqvtM9xX9dDxPB6j7LhHA/4H+bD9xD/r3/790UmYf+edFfHn6L+8DPkw+dP+6qxm3/ufu/79V5rODzfPndJP+elHm+bQL95MKKKKDpP7CPgHqXw7/wCCif8AwTv/AOFGaLrP2C+TSLPSdU8vDy2NxabPKcx/3JPKDj2Nfn8//BAv4khfs8XxIsZWH8A01v6zAV+E/gnx/wCOfhvrA134daze6HqJHlNLZ3D28n/kKvoiL9u/9syzEaN8SteWH0W6cV+qy4xyXGU6Us5wvtKsO39fgfz1T8OOKslrYmHC+Z06WFqVPaezqW/yex+sX/EPn8R/+ilaf/4LX/8AjtUZf+Df/wCINpLH5/xK08f9w1//AI7X5Uj9vH9s+7/1XxF1r/wJeoh+3J+19FJIF+Jetyf88/8ASnrk/tXg3/oBqf8Agz/7qdiyTxM/6HFL/wAF/wD3E/WeP/ggH48kD5+ImnJ/24P/APHag/4h/PiT/wBFL07/AMFr/wDx2vyj/wCG8v2yP+ila7/4EvSf8N2/tk/9FJ1z/wACXqP7W4Q/6Aqn/gf/AATT+wfFH/ob0v8AwX/9xP1h/wCIfX4n/wDRSNP/APBc/wD8do/4h9fif/0UjT//AAXP/wDHa/KP/hu79sj/AKKVrv8A4FPR/wAN3ftkf9FK13/wKetP7W4N/wCgGp/4M/8Aug/9X/FH/ob0v/Bf/wBxP1b/AOIfX4nf9FI07/wWv/8AHaP+IfX4nf8ARSNO/wDBa/8A8dr8of8Ahu/9si1/1/xJ13/pn/pL0n/DeP7ZFz1+I2uxJ/H/AKS9L+1eDv8AoAqf+DP/ALqY/wBieJn/AEOKX/gv/wC4n6qW/wDwQJ+IIl2N8SbDH/YNf/49X6Pf8E9v+CcF1+xfrmt+MtT8Rp4h1HV4YrVY4bf7LHHFExcY+c+tfzI2/wC3h+2XBDtX4l67uH/T1JUJ/bw/bLLZ/wCFm67/AOBUlejl3FHC+Br/AFnC4Gp7Q8zO+AfEPOsHPA4/M6TpVPlt6Uj91/2nv+CMXxK/aA+PPiL4y23jqxsk1qUNHbPZPJ5e2KOL/nqB/wAs+1eDf8Q/HxOAz/wsmwOP+oc//wAer8pP+G6/2x4+Y/iTrn/gS9SN+3b+2S/DfEvXT/28vXNiuIOFMRUqYirgqntKn9aanZgOEPEjB4WnhcLmVJUqW37vb/yifqz/AMQ+vxP/AOik2H/guf8A+O0p/wCDfX4n9f8AhZOnj/uHP/8AHa/KGH9uz9seb/mpGu/+BL0v/DfH7YcA4+I2uyP/ANfL1g824N6YCp/4M/8Aup1VMk8Tv+hvS/8ABf8A9xP1Xb/g39+JK4A+JWnn/uGv/wDHa+2f2Ef+CX1x+xn8Ub/4xeJPFsOu3cVjLZxRxW/2aOOGd/3jyeZKe6Cv50J/26v2y75t8/xJ1qNP+WZ+0vXGeN/2q/2lfiHojeGfG3jrWNWsXG2aB7txG4P/AD0/56Vvg+IuGcHVWJwmBqe0p/37fqzz8x4N4/zahVy7Ms3peyqfxP3f/wByR9C/8FNvj74Y/aF/az1TxZ4PlWbTtMtYdKt5V5jm8j/WPH06SO4r89qUjBxSj5jyM1+e5pj6mPxdXG1P+Xh+38O5PDKMuwmW4f8Ah0htFFFeeewFFFFABR/18f8AkOij/r2oMx3m4/cWKf8AA6r+VYRSyE/vam7/AGf/AJZ/3KKDP6r/AM/AooooOgKKKKAD9x5XnTb6mWTzR5Xl+XH/AMtKho/1tBz1KVSZ+gVp+zXp3iOz8VazpOlPHpFtqOm/ZJ47ae53209nP5kcflRf89PJ86m2H7Mlx4hvL7w/o8EF/FY+GfNfVLRJ7m2e+g1RIpHj8qPzZJZraNulfAGDnFJX0H9sYT/oFPhv9T80/wCXeP8A/Kf/AN0O++KPgaD4f+Mbjw9BcxXkflo/y/8ALPzo/M8uT/nnJD/y2rgacGI4FNrxKrp+0/dn3OFpVKeGpUqtX2gUfuIfL8/f+9oo/wCnasjSqP3fa+g8q3pkJ8n/AFH/AH3R/wAtP39FBnSwwUUUUHQFFFFAB50EP/HvG8klFHmTUUHN7KoV5pYIf9f/AKz/AJ51pNOYj5//ACy/1nl0UUGVTWepVooooO4KKKKAD97VfzYIf+mn/XOiig5akmaEv7nzPPqvRRQbUgooooNAo/8ARVFFBnVCGa3+1Rwf6z/bqxcf6r9//rKKKDnWu5XooooOwKKKKADr/r/3VEMwmlk8j/Wf36KKDlqSYs02THmsiXXdKhk8qa6hjf8A36KK6MHBTfK9jnxuKqYen+6diD/hJtC/5/If++//AK1FFFdX1OHdnnf2nW8vuP/Z', 'zaza_rest', 'zaza2024'),
(6, 'مطاعم الغربي', 'مجمع القاعات الغربي', 'data:image/png;base64,/9j/4AAQSkZJRgABAQAASABIAAD/2wBDAAEBAQEBAQIBAQIDAgICAwQDAwMDBAYEBAQEBAYHBgYGBgYGBwcHBwcHBwcICAgICAgJCQkJCQsLCwsLCwsLCwv/2wBDAQICAgMDAwUDAwULCAYICwsLCwsLCwsLCwsLCwsLCwsLCwsLCwsLCwsLCwsLCwsLCwsLCwsLCwsLCwsLCwsLCwv/wAARCADIAMgDASIAAhEBAxEB/8QAHwAAAQUBAQEBAQEAAAAAAAAAAAECAwQFBgcICQoL/8QAtRAAAgEDAwIEAwUFBAQAAAF9AQIDAAQRBRIhMUEGE1FhByJxFDKBkaEII0KxwRVS0fAkM2JyggkKFhcYGRolJicoKSo0NTY3ODk6Q0RFRkdISUpTVFVWV1hZWmNkZWZnaGlqc3R1dnd4eXqDhIWGh4iJipKTlJWWl5iZmqKjpKWmp6ipqrKztLW2t7i5usLDxMXGx8jJytLT1NXW19jZ2uHi4+Tl5ufo6erx8vP09fb3+Pn6/8QAHwEAAwEBAQEBAQEBAQAAAAAAAAECAwQFBgcICQoL/8QAtREAAgECBAQDBAcFBAQAAQJ3AAECAxEEBSExBhJBUQdhcRMiMoEIFEKRobHBCSMzUvAVYnLRChYkNOEl8RcYGRomJygpKjU2Nzg5OkNERUZHSElKU1RVVldYWVpjZGVmZ2hpanN0dXZ3eHl6goOEhYaHiImKkpOUlZaXmJmaoqOkpaanqKmqsrO0tba3uLm6wsPExcbHyMnK0tPU1dbX2Nna4uPk5ebn6Onq8vP09fb3+Pn6/9oADAMBAAIRAxEAPwD9D4fI/wCWCf8AfdLRRX4Gf3AFFFHEU1AFf/U/6+q/+m9Nnlf7dAht4Tj/AFn/ADzqxWgFgfZ/+ukn/PSiiiswCiiigCv/ANd/3UdVhNOJP3Cfu/79L5EE39/97/yzqx/yyrQCOG1h/wCW58ySrEz+bUdFY+0AsUUUVQEeJf7gqv5mB+4i8yrEsUE3f9KM/uvIgPlfhWn7sCv9l/eyfbpPMqx5f+f8mo6Kx9oBYoooqgK/72q/m4H7hPMqxND5lHPlfuf3VaASfZf3v7+TzKKjorH2gEnl/wCf8mjZ/rMf8sqp/v7uKQQfu46nhHk/9dP+Wla+yAsTf66looqACiij5v8Alv8A6ugCPy/8/wCTR5Y8z/2nVMTTy/6hP+uj1Yhh+xf6/wD1lX7ICwP4KKKKgAooooAgII60oI+Q4rZv/DvirTIFu7jSbqBG+dXljeONo651bM+ZIJpPM/551bpez/iGdGrSq/wS0n+rplSJ++/19R1lUNCxRRR5M83SqAj8v/P+TR5f+f8AJqp53739x+8pPIn86Oeb/V1fsgNSPyqp1JH+961HWVQCxRRR5M83SqAj8v8Az/k0VH50H+og/eSUVfsgLFFFFQAUeT58lFFAFfzs+X5Eb+ZLVeGzghl/f/vP+mdXPM/z/kUeZ/n/ACKv2oEdFd98Nfhf4t+Leuv4b8F24muET7Q+f4Iq+s73/gnX8e7fVJLayfTpLcP8kry+WX/AV04XLcZXp+1p0jxMbxLlWAqfVsZivZ1T4LKKzK3delfrx8K/+CevgTxD8J7HW/FtxeW2uapZrKw3fLbSyekfStX4XfshfCH9nW2j+JHx41m1nu7U740f93bRyev/AE0k/wA4pfiX/wAFIvCWmLJpPwy02bU3xxd3H7iD/v2f3v4ER19VluUUMAva5ofl/EPFOZ51VpYbhhVPZ0/+Xh8t6t/wT8+Nllrc+k6SLO5SP/Vyu7Ro/wD5DxXVfDT9ittEtx44+KyTaqunyP5+laeIi48njfcDcDsHlj93GMfWlsfjZ+3j8ZZFg8H2dxaxSfx2dqLZf+/kuP8A0bTb79mX9tjXR53i3XTD5v8Az+6w3/tIinSw2DX7zDYWpUHisyziVH6vmWaYal6fxfwPs3wbbeN/iVp+o6B8bNBgtdIkiFkioY/tF2nmfux5YEnlxQ7k/wCWv+t7V8CfFX9jCXw98QLvw14J1RGtPIjmh/tLEUjmbgxx+X/rMY/55Vetv2Qfj7HN5kXivSg/+xqrf/EVeuf2W/2zfD/k6vo97/aX2fzPs/2fUQ+zzo/Kk/1ta4rnr0/9qwtQ8/JXDA16k8BmlKn7T/l3Zqn+JV+Ff7BfijxbrefF2sQ2unxTbJGtEeWRvI/55vLH5Z/66Cuj/a0/ZT+HXwv8AQePPhzJMQ96YZIPOM0XlLu7H/d/CuZ0z4//ALWXwGa003xrpUs1tpq/Z4vtdu+zy8Y/1kX+s/8AItfQuifti/BL46eH9S8EfGyCTQf7Xj+zySpI8kAjP+rG8L+7k/7Zis6dLK54f6t/Cqf9PDbE4rimni6WZe09rhqf/Pra3y/yPyH/AHP+3UUsP2yPzpx5f/POvsD4a/sh+M/iz4Zm17wdf2yS/wCssba5Ty5JbfzJIvM8z/gFaOj/ALCfxm1HVo9Jums4N8P2iF3d5In/AOmf/TOvnKeT4z2f7qkfp9TjTJoVKtOrif4Z8a9f9R+6orU13QdQ8M65c+HNci8i5tGEMo3/AHHNZdeRVR9DRq06tP2tIsUUUVRoV/3EP+uqvND9si8+f91/zzq55n+f8ijzP8/5FX7UCTr/AKj91RRRUAV5v3UXny0kM3neZ5BeL/bpfJg/10/7ySj/AJZeR/yzirQCxN+9ooorMCvSg45r1n4MfBvxL8afFa+FtB/dJbJ580siY8qP0Ffop8NP+CdmlaTqCal8RNVa/WJ/3dnDHtif/ro4r1cDkeMxf8M+Vz3jXKso/dYip+9Mr/gnV8KNZ0m51H4xa/C1vbzwfZbNNuPMBc+ZJ+iflXpf7S/7ceieGGl8A/DVv7S1cDD3UbAQQPxgdPn+gr54/aN/aP8AFF54zuPgx8C5/L0SO3i06ODT0xI8v/POPP8Aqsf6v93WXofhf4afsd6bDr3ju0TxF4+vPnsdMT95HY/88t/t719VRxDw+H+pYL/l3/EqH5TiMsWOxn9s5tS9pVrfwsMv/cnkYunfA74o/FqAfFv9p/xD/wAI/ob4f7TqLjzGHTy44uPKFb+ifEz4TeBtRHh79lTwLN4l1lG/5C1+j3Eh/wCmkcZH/wAar2XwP+y38WP2idaHxK/aevZY4pBm30xB5bqnTtjy/wD0Z9K/SnwT8PPCPw40QaD4KsIdOsUxtihQAD+tdODyepP95T/d/wDTz/l4cWecUYelH6tUftP+nVL93hqf3fxPwPzZn+FH7e/xZwvjvxEvh2yfrFbusco/8BSP/Rtadh/wTc0i/IuPGfi/UL24P35BEg/9GGWv1RtxI3SXd+FVZtXhVjDF8zD0r245Fh2v3i9ofKf65ZnC/wBT5KS/6d00vy1Pzfl/4Jj/AAhK/udb1fd/vQ//ABuuMuv+Cdj6TN9p+G3jG8tZT2kj+X/v5HX6jxWMl0m2b92vpWvHYwwy+anWtf7CwH/PpGVPjHOkrfWm/wAT8k20n9vz4JWEkn2i38YaXH96OTE/yf8AkGWvDbnxB+y38ZJ/7D+I2iP8NvEf3TeQIWtmkx/y0jHA/wA/vK/dZmW3kXy4s++f6V478Wvgh8M/jHpx0fxzpSTsoxHPGdlxH3+R+orhxGTVvZe5U9p/181PRwXF1L2ntMRS9nU/5+Uv3f8A5T/hz+5H42zeDv2h/wBkO5Xxv4Huk1Tw3PyLm3/0i0kj/wCmkf8Ayy+o4r7k+Ef7Rvgb9qDwu/hLxJHBaeJpPM8i0z9z5H2SW7+wFeAaz8PPj5+xhdTax4Muf+El8EXDDz7ST59sY/vxH/V4P8cf4ivIfHnwe8DfEzQ5PjX+zQslvcW/7/UdHjb/AEi3kx/yz7A+1eNSWJwdT2dP/wAFf/Kj6/GRwOaw9piqmv8Ay7xNPT0VWn/XkcH+1p8KvF3gL4lNqeswfuNWgjZJo/8AVvL5cfmf+RK+TppvI4/1klfqp8FfiV4e/at8A6h8FPipuj8QXPmPbzs3+v8AI/eeZH/00Fed+Ov2A9Y0NZdQ8BX0twwjk8uznhG/9x/00z5X6V42OyT2/wDtuC/eUj63IuMKeAX9k53+7qUz8/vO8nzP/RdV609c0LVfDWsXPh/xFbm1vLR9ssZ6IprMr5aqrH6ZRq06tP2tEKKk8z/P+RRNcwQjyJw9L2ZoH2X3oqn+/l8zzv3UdFa+yA0KKKP/AEVUAFH/AC0/f0T9qnjjluWSztEd3kk8uNEoA+0/+Ce6a6fjybO0cfZ3065Fz/tr+7Ir6y/bl+Pv/CvIZ/hx4Cn/AOJzqsHl3zx48yCLjGP+mkvQU/8AZj+GX/DKvwj1340/EpUjv7i38zyAfnjjBxHH/wBdJfk49a+LfgrqeieN/ixrH7QPxxuo/sWiyfbpEL/vJLkD90kcY/Kvu6U6mEy+lgv+XtT/AMpn4TiqeDzHPMVnXsvaYXD/APlSp/X6HpnhLRtL/ZC+HMPj/WohN8R/EEfl6bYv/wAukU/8ckf0/wDjQr6s/Zf/AGYL/Rbpvjd8ZU/tHxVfOLiOOf8A5dcnHb/lp/6L6CvLP2X/AAhqfx++K+oftN/FIqEWYJpNs5z/AKjjJwMfuf8A0Z9K/WF9QgEA2TgHtxXr5Nl0Jr2q/hf8u/8A5YfL8VZ5XhUq4R/7zU/iz/8AcVP/AKd0/wAfQtyzhdny5Jz3onulDMQOFxk/X2rl/EPjnwz4b0GfxFrN7Da2dqm+WV2GEFfi58b/ANrH4lftBeJ1+GfwXhmt9OlbbF5PM9x67zgeXHxXr5hm2HwlO8j5vIuGMZms2qXuU4fHN7I/SH4pftXfB74XM9jrmtpdXidbSx/0iX9PuV8WeKP+CnMZX7N4I8LnbH9y4vZh/wCiox/7Vq18Ff8AgnXCLX+2fjbctLKsnyWFtL+7x/tuK/Qbwd8B/hN4AhH/AAiXh+0snjHDiISy/wDfZy9eXS/tfF++/wB0fR1KnCmW/u/ZVMZU/wDBVP8AzPy2i/4KX/F2N/Nn0KxaP33/ANBXrnhH/gpxoN2wi8ZeGLi0c9JbWcSj/viRYiK+wfGHxLn0D4jWXgaXw5eXWl3NnLI97bQ+fEku+PAOB/t+laPjf9nn4C/EG2Z9f8PWc7SYxLCnlSf9/I6qGEzN/BibkVc24fmqf1jLPZ8//Pur/mbPwo/aF+FHxdtxF4M1OGa5UZNqzbZ0+qEA17qV82JsDrjHvX4hfHz9iXVvh1H/AMJ98Erq4uIYBJceTx58Hk/vN8ckeD+legfstft7XElxF4F+Ns4YONlvqePLxgf8tx/7Uq8Lnk4zVDMKfs6n4GWN4Pp1sH/aOR1fa0utP/l7T9UfrHe2kt4TFhfLkTAr8kPjn8EPE37NniSP4/8A7Pp8m2R92pWf/LOOPpwh4MfPH/POv17/ALY0w4Zpowf96sPVb7SLmzl0+7uIgsv7tkYg7vavUx+Dp4inZnzWS5tWy+vz01z0/wDl5T6TXY/D745+DtF8ceHrP9rz4Gg2jCfzNXtU/wBZZT9PM/x4xX35+z3+0Vofxi+Fo13xBJ5epaNGE1NEP/LQofLcRY+cS9h+HFfI93ZWX7Iv7Qb6PcH7T8O/GUflyrIN8Sx4x054h9P+eTV51pFzcfsdftUSaIsvmeHdW/d4H7zfZzAHf3/1P8lr5PD4mphMR7T/AMGf/LD9QxuAp5pl/wBWp+/7On7TDVP+nf8Ay8pf9wv07Hyf8WhqsfxR19dakaWcajcgzP8AxjfwK8/r9N/27fgC0niI/FzwUqXEctvEuqQL/rEC48uSvzIr47N8DPCYyrCofqvBub4fH5TSnT6aEnlz/wDLGiGPyYv+elR0V5ntD6csUUUVQGbJcK4kitv3klfWfwh/ZE+IvxT8Jx+Nhe2WmWV6Mwi7kKbvyr5WH7r/AFP7qrF3f3t/st726e48uPy497+Z5dduFq4an/FpHl5rRx1Sl7LA1vZf+VT7vk/4J9fEJDx4j0f/AL+v/wDG64Jv2Lfiidb/ALD0+6sZxE3l+fukjj/66V8feVB2pPJ/z/kV01cVgp/8wn/lQ8OhlWfpfvcw/wDKR9+p+wD8Z9QfyrzWNLb/AH7lpP8A2nUw/wCCdPxcxn+2tF/7/N/8RX5+7YYBn/WD/nnQYbiWP9+/7utfreXf9An/AJUMv7Fz7/l1mP8A5SX/AMsPvV/+Cf8A8Xo/+PHWdHf/ALeW/wDjdXLH9gP4zXE/mza/pCeV8m1blv8A43X5+w+RB/qE/wCB1Yo+vZd/0Cf+VBvIc+t/yMaf/gpf5H6BS/8ABPL4pzf8x7Rf+/0n/wAap0P/AAT2+LNrJ5tn4h0iKT/Ynk/+NV+efk/5/wAijyf8/wCRT+v5d/0Cf+VRf2Dn3/Q1/wDKR+lf/DCv7Qf/AEOmn/8AgZP/APG6Z/wwn+0FN/zOmnf+B8//AMbr83/Kgh/1z1X/ANIm/wBT+6j/ANX/ANc60+vYP/n1/wCVDL/V/Of+hhT/APCakfo8P2I/jlF/zOVmP+3uf/43SJ+w/wDtDO4/4rOxTyvS7n/+N1+ckMVtEvT/AIHVjK/36X9p4L/nz/5UK/1ezr/oPp/+CqR+kUn7DP7QXfxbY/8AgZN/8brlf+Hd/wAWv+g5o3/f5v8A43X5/CAdzSCDPArN4/BTf+6f+VCaWQZ9T/hZjT/8FL/I+75v2DfiPZv5V74p0SN/9u6f/wCN1oRf8E9fipJF50GvaPJ/t+Y//wAbr4I8rHG/yqredPN/x4/6v/bp/XsF/wBAn/lUv+xM/wD+hj/5SPvyT/gnv8Tox5M2u6R/39f/AON0T/sA/GG+2Qy+IdIMfl+XHulf/Vf9+6+BYYYIZeP3klT5/wBul9ey7/oE/wDKg/7Fz+3/ACMf/KR+hs3/AAT9+LMvmH/hItIkklj8uTfNJ8//AJCrP/4d3fFT/oO6L/39f/41X59eT/n/ACKPJ/z/AJFZ/X8u/wCgX/yoOlkOfw/hZp/5SP0IX/gnd8VZBka9oo/7ayf/ABqvm74zfAzxb8E7+0tvEM9vdRXKbY5rSQsn/XPBrwnyRTTLPN/x4/8ALKsqtXBTp/uqPsv+4h34DAZ1TxHtMVmHtaX/AF6Lswgh/wBetFV4I4IZevmfhRXD+7Ppj64/Zz/Z60T42+B/Fmu381zHqWhQ77ZITGI3k8uTG/8A74r7Jsf+CdXg7z9Aguby+2yW0o1TmP8AdyeXxs/d/wDPT6f0rjP+CYOo+X4g8W6XP/y0htZf/H5f/jlfo/46+K+j+FvD+sa9Z/vf7PgupH9ntw3H5iv0LIspwVTLqWIqUj+d+M+Is3w+eVsHhKz7f+U0j8u/g9+x/wDBrxZoPibxd441m8s9M0LVbqzhmV0ij8i3/wCWj/u+B/KvPvil8Hf2bzLpXhX4BeITqviDUtRih2NJvURz4/eH92Rx8tfZ37Js3iGH9lf7Xo+hrrt3d3l1K9o8iRCb95/flGOg718wfHXRfj74j+KPhXxHpngmHw1eeaYNNht7mC43tAN/7zyu1c2JwNCng6VWnRO7B5pmM83xVOeP/he0t+8pr+Ev+ffVen6HpF1+wd8FbT+0fB9tr15L4ksdLF/88aeTk78HZswB5idPMq18Jv2N/wBmz4kaFHPH4iubvUora3mvI7O5hfyJJY+/7s9q9c1vQYP2lfhPqsnxx8Nz+GPEOiq0aXEi7IxKI9/mRSf88+leCf8ABNe8jsT4zmkXd+6tZMf9cBLXa8Ng/rdKksL+7qHl0cxzSpleKxX16r7Sl7P/AC/idvI5Xwn+zP8As4fEn4uxeAfh34hvtQs49Pubi9ZTiRJYHjjj/wBdGf78lXPG3wP/AGHPBOhajD/wl093q9skkccAmVv9I+kUR5rP/wCCc8Quvi5r+p26/vPsH5ec6V6p+1Bp/wAWfE3w71jS7f4cW2i6fb4vH1BL23kceRiTzP3dcVLD4aeXfWfqx6tfGYyhnn9mzx9X2S9n/wAvYUzk9J/ZB/Zx8PeD/Ceu/E/X7+31DxLBbC3t1dBvlnCYjjxH/tisnRP2JvB0X7St98L9bvLufR10kanE6Okc2d4j8t8duW7V9+NcfC/SfEvgPwV40tlbxB9ic6S8qfc8iOPzPpJivIPhCfFt3+2B47vPGiIjwWMNvZeXwhsvMzH+NenPKMF7SlS9kfPUuKc59liKqxVT+F/7k/5d9j57t/2EPCdj4r8Y2fiC5u5NN0ezhv8AT3Ro49/nJIG34j7GOvy8I3CNV71/QppXxWT4p/s16940h2/a00y8gmxj5JIo5B/n/er8AfCtk2o+I9M0k/8AL1eRR/8AkSvl+IMDh4LDfVv+Xh+ieHmb4+vDHvMKv8P2X4aH3b8df2Yfh38Ovil8PPBHh7ztniO4ihu98vSLfFH+7/7+NXrtr+w98J9R+OWseBImvI9K03SrW88yOT959onkk/2P+mdfWXxP+Mmn+G/jJ4M+HF3pCX8+syOEu9xAg49PLra0hILv4xfECGwdPtTaZpaRf9+7ivq6eUYNVKmn/Lz/ANxH5x/rRnDwlPmrVIfuu/8A08/pfI/KD4Wfs9eDfG37Pfi/4t3Tzx3uizXKWyI/7v8AdRpKPM/77r6avP2Lv2Z/B9/onhbxn4j1IaxrRItIQyfPIPQeV/hWz4R8Ea18Jv2MdX8N+PYo7DUNUu/KjgD+b/x8SRxRCvsfxHqXwjb4z6T4d1m0Q+JksJbiwmdP+WW/94kZz9/+n5VzYHKMHyWq0v3n7o6834pzH29Z4bFVPZ+0qW9n/wBO7W26H5neCv2HvC+t/HjxL8L/ABPqF0ljo9lDcQyweX5jpP8A89KTx1+y38E9W+CesfFT4F69c36+HvO87zF2xEwffj+5DX0n+zjeeIf+Ft/F7xT8W1AuLT7HFMkX+r+z+VIRsx/0y8usT9ofU7D/AIZN06b9ntIYPC+rEfa0gTDJFkcY9pOJfbNZrLcH9Tq1PY/8/TsfEGZ/2pRw/wBb/wCfX/Xr+GvaHgPjz9jHT7bRvA2h+Ct39ueJ3k8+R3/dpbQR+bv/AJV6be/sR/A66j1bwB4d1y9l8U6NaxSTt0SN5/8AV+Z8mOn+e1fc9xeWOmfFzwf4cuynmf2Pfxwf7bf6PX5yeO/hP8b7L4jfEbxq2r3HhrSod9x9qDtHHeYH7tcZ6CPjitMRlmHofvPq3tP/AN2cuB4gzXFr2dTHey/5ef8AXx+0PPf2QP2VNJ+PttqviHxfNcW+m2MkVtD9lby98mP3np3rF8Ofsx6Wf2tJPgPq7zvpcTSSh1f5xH9m82Ov0w+GnhLTvg/8EvDPhXUtUg0GeKS2vrx5HEZmk83zZI+SP+udc1caHa337bmjeM7ZkkW60a+hLJ/z3sWEUv8A6GtZrh7Dww+F/dfvDrq8b4upjcdOnVfsnTqKn5ez2PBP+GBfBcPxpfwjqFzfN4dn0k3kcgMe8SB44/L/ANXxXLfD39kf4E3Xwjtvib8QdeudKtrie6iQtPHbxCP7Q8cY+4OyV+jfwq+JkPxDk1yGTZ9r0XVL7TpQMDHkP+7/APIfl15D8PR4j0/9lzwvP4W8Nx+KLgR+Z9jlmjj/ANdI58zzJeK7/wCyMGreypHg/wCs+dSjKlVxT09mt7dKh+VP7QfhH9n3wwdPtvgbqz6pLJI/2nL+bs/1fl/8sv8AeoqT9q/Q/iLZfEC18SeP/Dkfhg6hb+VBbxTRyp+4/wCuNFfmWcNfWp/uj+heD4ueVUpfWOfz5+b5X8jyL4d/Ff4g/CzUZtT8D3v9nyXieXJ+5jk/9GxV0up/tAfFjUfCl54Q1DVEktL55JJ/3MfmPLPJ5sv7zyq8YODwe9e4/A74QeG/indXsninxPZeGbSDiN7pkMk8v/TOOSSHFdOFq43Ef7Lhapnm+FyjDL+08dS/8pDvAn7Snxq+GXhyPwv4I1cWVlGJGjXyY5P9b0/1sVQeKv2kfjf4zmtrvxJ4juJZ9Ofz4XQRxbZPpFX1D/wxp8ED0+MOlf8AfmD/AOSazov2OfhH9vb7b8WdF+zn7nl+X5j/APkWvU/svOvZ+z9r/wCVD5dcRcJe0+sKkvaf9ev/ALkfPXiz9pv49+PfD7+GfEuvyXVo8flsEjjj3/8AXSWKKuT+Hfxj8cfCa3vYvAuoJbpfrtuU8mOTe3T/AJa19eP+yL8EUH7n4vaXH/z0+SH93/5M1hzfsbfCuGTz9K+LGgSf9dyv/wAXR/Zmb+09r/7kCnxDwrGn9Vp00qX/AF7qf/Kz5S+HXxb+IXwwu5tW8B3qafJeJtmk8mOTfH/21r0HX/2pfj34l0efw/rviJrmzuI5Y3TybePfF/36r6Bsf2OfhBcD/iZfGDRY/aNFf+dyKut+xr8A4+vxh0w/9sU/pc0vqGbQp+yp/wDpw0xPEXCc6/1qpTVSp/17qf8Ays+QvFnxt+KPjbWtK8S+JtVNxe6J+9sZtkcYX/v1W/4c/aK+MXhfxRqHi7SdXIv9UQLcSTRxuGiHTAl/1WK+n4/2PfgJJ/qPjHpX/flP/kms0/spfs7i7+yf8Lo0zd/17p/8k0/7Ozb+J7X/AMqEf29wrUpey9kv/BVT/wCVHyn4W+NXxI8G+GtR8JeHdQWDTdW3tdQmGOXf5sflyV57p2oTaHqcOs2c/lz2LxXEf/XSD97X3237IfwQSXyIfi1pW/8A3IT/AO3NWU/Yz+Aay/aLn4waVv8AZF/+SaX9iZjU/if+nDqpcX8NUvbOlb97/wBO6n/yo+TvEP7Qnxf8Z+K9O8eXuoiTVNJ/49ZvJjjCZ/7ZUab+0B8YdN8bTfEWDXn/ALUubf7M7+TH88Q/6Z+V5VfVw/Y5+BZ6fGPSv+/EP/yTUNz+x58BbWF5rj4x6Usaf9Mk/wDkqtv7Mzf+qhwriDhK3s1SXb+FU/8AlR8oeNPjp8WfiLqVpqnjHVJbp9Nk8yBBHHFGkv8A1zqLV/jf8VPEnjGw8f6vqfmatpGYrWTZHGE3df8AVV9PSfssfs4Rx+cPjRpf/ALdP/kmr9l+yP8As/6pH51n8Y9M/wCBW6R/+3NZf2bm1T/l7/5UOn+3eFqVNfuVp/06qaf+Uj5S0v46/F3Rjqx07V3MmtndeSOkckknGOPN9q520+IHja08HDwHb6jJbaZJN532fd8rv6fSvtWX9kT4FRDj4tabJ/wCH/5JrG/4ZE+EE/2hNU+LWlf6z93sEPmPF/38o/sjMv8Al5/6cFS4l4V6Ul/4Lqf/ACs+cvGP7R/xh+Imu6dr2r6sZbrS/wDj2mWGO3khl6f8sqreOfj98YviPaW9j461xry3tX3+QEjijeT/ALZRfvK+p7T9jz4Q3ckhm+MGiR2//LPy0T/5Jq7L+x38CG+W3+Mel/8AfuH/AOSa1+oZtP8A/eGcOIuEqbounTX7v/p3U/8AlZ8hfEv43/Ev4ryWEvjrUBeSaaZfI/cxxbP+/X+5XoK/tbfH1Nat9dXVkF3axyRRv9jt/wDlv5fmf8sv9hK9gf8AY9+GEalB8WdDMh/1ZHl/P/5Fpt7+yH8KbHSJbz/ha+jy3CRyvsj8vD/+RayeAzb+J7X/AMqinnvCc6dOl7Jf+Cv/ALkfPPg79oX4weA9V1XxB4U1Vba51mf7Rev5Mcm+Qcf88v8AbrpvDv7W/wAe/DGg2fhTRtfSys7WPy7dPs1v/qv+/Vd3oH7OHwjvdFstR1v4h6fbXmo+Z5cOI5Nn+/8Avf3deF/FrwB8P/BFzHZeHdf/ALfnf95JJB5ccUf/AKOrGrSzGhT9pVq/+VD0cJV4cx1f2VLC+0qf9euxh+Ofi749+Kl7BdeLtR/tN7ZNkblI4thorhsY4orwq+KxFWbmz63DYLCYemqVKj7qCipJpPJh/fikhufOik+zjy4/+Wb1n7M7CWiiiqA+xrP9lKLxt8IJ/if8L9Sn1RLUbfs7J5UnmxJh/wDrn2/561wPwN+CWgfG7wv4k0+xvJo/FOnQfbLC1/d+VdRY4/wr6B/4Jz+ObzTviZf/AA9aVltNStftCKR/y0hHA/743Vj/ALQvgXXf2T/j/bfE7wFDjR76482JOPL5H7yAdce1fVfVsNPD0sxdL91/y8PyiWcZjTx+KyOeK/e/xKVT/wBxfoX/ANlP9mL4K/HrwxdJr2o6lZa7psnl3lrHJGmMf6uTHl+nSvruD/gm38EFysl9qjkf9NY//jdfOXjeeb4deLdM/bW+CCi40PVMf2lY/wBySYYlST0P/tWv1J+GfxM8L/FTwvZ+L/Cc4uLG4j+/0eOT+469q+kyrLsvl+4qUv3iPz/ibPs4VT69hsVU9lU82vZ1OtP5dPI+CPHn/BNfwI/h27Hw41C9TU2Tdb/bJY5Ldm9x5fFfmBpfhfQPBnj+Twl8a7W/s4LVvLl+y+XG0PpJ+8/1gr+n20jna3SSR/mXOTj8q8L+OH7OHw4+Oum+T4zgaK6QfuL6D5LiL6EVpmnC9Of73B2VRC4a8R8ZQTw2a1alSlU6/wDLyn6H48fDD9nTwn8X/inrng7wNfXEmhadaB4LpXSSR/8Ann/yyhx/1zr7Zg/4JofCFLUzX+u6r/t+WY1/9kNfKfir9jn9pX4D6x/wlvwtmk1CGI4jubBxHceX/wBNIv8A97UVl+3F+034GvPK8dWaXb7PL23lm1v/AOixEP0rxML9ToL2eY4X94fU5lPOMf8AvMhzP2tNdL2qn1s3/BNP4UiBpbXWNWkfZhEd4P8A41Xlvjj9grwP4ct9+ivqUp3/AOtmurOK2jj/AOen+r83/ppXA6f/AMFIvitFZzR6nodhPIz/ALtxvjiSP+4eOtcxc/tcftZ/FW4Fh4G0+WNJ/wB27WFmzf8AkSQSiOumpicjqU/3VL8Dip4HjSjL/asU6dNd6un9fIuXv7PX7OXgjwfc638Uta1fSdSj6WO1PNf/AK5fu6+YfAPwe1340+P38L/CuxuEst/+uuX3eUn995Iz+VfZvw3/AGBvif411V/E3xx1B7GK8YySDzvtN5Jj/bH7tPwFfq/8N/hb4F+FPh0eFvBFnHaWsWNwXO939Xf+I0qGQVMVK9Sl7Kl/5ULxfHX9k06lPC4r6xiH/wCCqfofHlh/wTY+DVrYpBeX+pSPs+cpLHHvf1/1dDf8E1PgjHN5/wDaGqsP7nmoB/6BX6KkK4C7ctXzB+0f+0P4f+AngxtRvGSbVblCllaf89JO3/APWvo8RlWW0Ye0qUlY+AwfEWf4rEeww2KqOpU7Nn5UftDfs8/Djwr8RdF+CvwcjubzxHfuDMJZd8dvFj93nP8A38rw/wCKXwW0/wAGfGSL4PeCL59XvB9mt5XZPL/0mb/ln+VfVPha51T9n/wHqX7SfxIk83x34oMkekQS/wCsjil/iki/Cn/sjfDu60eK5/aU8bxyXNzJcxRWbf6yTfPJ5Vzcf+P18fUwFOvP2cKX8T/ylSP1fCZ3icvwdXEVMT7SlS/d/wDX2r/8qpHnPx4/ZK8GfAfwe2vat4pluri6/d2Nulr5Uk0v/f3/AFdfENfWP7Z/xDvfGvxz1O281nttEAsIU/D97/5Er5Pyfyr5/Pfq/wBY9lhj7fg765Uy6lisyq+0qVSeiiivNPqivRUmJvT/AD+VFT7MBPssAOJ/3klL5f8An/JqOij2gFiiiiqA+xv2DvFHg7wf8af7Q8VTpau9nLHayP8A6vzMfvN/v5eK/Wn4r6T4J+OvgS68O2rRarDKNim1eOSRJCR+8j/eAZi4f8q/nA8nzv8AXyf/AGddV4Q8Z+KvBGrxa34Ru5LC4gGFKtx/21/56V9TlnEFPCYf6tVpfuj8z4q4Cq5lj3m2GxXJUPpb4ceN/Ef7L/jS88G+OIP7T8M6n5kN3abcRTxj92JI/M/5aeor323sfFP7M11J8Yf2dHbXvh1q/wA91bxjzPIx3fP+rH/TX/v72Nev+BPEHw9/bh+FUfhfxFpiW+qWXmPcz2imP7Jdf894x0fzf7lfIOPj/wDsNeLpLRl+2aLfSfOH/eWd5H/7SlrtaVGlTlBfuv8Al3U/59HzDqLMatXD1Kfs8d/y8pVP4dX/ACqdj9lvg78c/APxp8Prqvg2+3SRjM9tIvlzw7uzx9q9ruJY2jOW49cdK/EfTvCnwt+L+pxePv2WdbPg3xcnzSaPM+2N+Odor2nRf2xvi78HdWHh79pzw3cRsSI01CyjHlPx7ARuf+uf5V9Jh86ahfEbf8/P+XZ8DjOEZyqOOXf+CqmlVen/AD8+R+qq+cRtKY/EGufvJrK+R7GaBZ8/6vf+8jevAPBP7TnwR+ImF0jxHZBpR/qZX8mT/v3KAa+krF9OktvOs3V0/vivap4iFf4D5avh8RQl7OvT5Dk7b4feHXk899Nto/8AchjruINNtIR+6QCrSyRfxVk6n4i0bRrT7bqtzFbRf3pnEY/WrtCBPtJzLStcSQFiuCO1OXzGjI27PfrXx344/bO/Z/8AAVq0MOtJqN1j/UWGZv8Ax/Hlj86+VdR+P37UX7SckujfAjRpPD+juNrX0+BJ+D8Dt/yzrz8TmtGm/ZUvfn2PbwXDGPr01WqU/Z0v56nuL+vQ+pv2h/2qvAPwX0s6LAV1XXn4gsIWO4dPv8fKPrXwjFo0Ph++X9p79sCZpb6X59K0XpJJIOI/3a9E6en/AE16Vzf9tfBj9mSSTVxdr428eH78sj/6JaSY++ccPj2zL/1zqH4P/BL4oftceNZviH8Ur2WPSopIvMd1A8yP/nnbx/8ALOKvncVjp4it7H+JUX/Lr/5YffZXlOEweCqYm/s6P/Lyp/y8qf8ATukui/rY57wF4H8e/tm/FOf4h/EuT+zfD1gP9Ldf3caJB/qkT+tfqXbXHwt+Hvg7SbW+vPs2nW0skdlHcr5ayed/q/3eBvjijOB7Cvnv9pz48aJ+zJ4bsfhX8JrG2tNZ8j9xxv8Aslt/z0/3/vYr8c/EXiHWfFupPrPia9lu7p+JJpm8yQVy1czpZT+7/i1f+Xh34bh7G8TU6eI/3fA0/wCFTO5+NWt+GfE/xM1bX/CFy13BfP5zzPHs33H/AC08qP8A55+ZXmIO3pSUV8PiqvtKntT9rwGE+rYajhf+fQUTTQRf66j98f8Aj3fyqIf3P+ppnSVxDPNJ+/8A3VFXPM/z/kUUvagHl/5/yaPKHlefVPzf3skFj/rP79JD+5i8+f8A1kv/ACzo9kBo/wCqoooqACiiigD7E/YZ+JfhT4afF5r7xbeJY2moWctqrPxH5u9K/Vvxd+0b+y/q4uvAfjnXrG6tpI9s8Uql7fHoXx5dfzoedbiTyYE8ySWlhNx5vnz/AOs/1dfS5ZxFPB4f6t7I/Oc/8OcJmuYPMalWpS+R+pPxD/YP0/xLaJ40/Zm1eK9hn/eJbecGi/7ZXBavK0+P37U3wGhPg34uac+paYreWYNWhEkckX/TO5x+8/8AItfMPwk+Mnjz4KeIo9c8G3Xlx/8ALxbP/q54v+mn0r+iTwh4j0P4rfCu28TWVrGkGp2omEdyd8ahum/pXr5ZSw2P9rVwX7qqfH8TV8fkvsqObU6eMwz2qf8ALz0utj8eB8QP2JfiLIr+LvCd/wCFJ5R882nS+ZB+WP8A2lWtp/wn/ZcuZPP+HPxgudG9rqF4v/jFfV/j/wAG/wDBO/Vb17fXbrSrK7UdbGcxbPwj/d1wuk/sLfs0ePbV9U+H3i27ubYfcNtNBcCPt/zzrX+y8S6v/LqoY0+IsvpUvaKriqFPtO1Wn8vaHk8/wg8FyJuuf2hIZI/7nmv/APJdcpc/Cz9kCwfzvGXxM1DXJf7lnbSN/KOavpGH/gnF8L47jybnxFfyhP8AlnsQVU1f9kH9kj4dXEb/ABJ8QzQPH+88u7vI4f0jAqZ5diPt4Wl/4MHHiTLre5jqtT/r1SpU/wAj54b42/sl/DeF3+D/AIHl1e+iH/H1rT5T/vj99+WIqg1HxT+2D+1VbyabbJJbaOsXmSCFBZWflfpK/wBB5gr72+EXhr9i6GeCH4XjSptUc/JmQvcn/v5zXRftE/FbRPgj4ZuPHVikY8QNDBaW6/IJH/eb/Lcn/lnzXX/ZlT6t7WpV/d/9OjzZcR0VjFh8HgalTE/8/MT+8/C1j5I+Ff7Mvw7+Cd+viz44T6df26+U0Mk86Jbc/wDTMff/AOmFfbej/tKfBKbTL+y8Ha/pX2iJJJLS3M3k/wDLMSfvM9PnyK/APxz4/wDF3xJ1+fxP40vGvbt/7/8Ayz/65f8APOuSNeFS4lp4T91gqX7o+1xnhziMy/2nNsd+9/8AKZ7L+0J8QLD4n/FrUvF+mNK9pL5Ucfm/6z9xHHFXjVEvkQiq+J7r/Rz+6t5a+Zq1amIqe0qH6XgMDTweGpYWl/y6NWOEf6j+OqVSRzVHXNUO0sUUUVQFeipJXgh/4+A9FT7MCTr/AKj91RRRVAFFFFAFcTwQ/wDTSq/kzzf69/3dWIR5PRKK0As/6mDyIP3VJRRWYFeunsvHPjPR9Ik0Cw1a5h0+6j8uW3SR9hi9o+1cxS9TzSpValP+EZV8HSraVqIk3kQ/6562/DPibxT4P1yHxT4Xu2sJE4Yr0/8AtlYn+j+b/q6K0pVfZ/wh1qNKtS9jW2P0u+I/7fmn+MPhxJoOiaPNY6x5cfl3bsPKgl/56R8dq/ODUNQ1PVb59S1Gaa5mkfzHed/MkeqPKmkrpx2Z4jGf7yeHkfDGXZRTq/UaQQzTxSxzQP5Txf6t66fxL418ZeM5Y7nxVqdzqLR/cWRwwj/KuYxjiiuL21W3sj2ng6NSqqzo6oP3GMzPVfzp5v8Ajxfyo6ub/wDYo8z/AD/kVp7U2CG2ggH7j/vujy/8/wCTUdFZe0AsUUUVQFf9xjMz1X86eb/jxfyo6sY/2KP9bWgEkFrBF/qaKjorH2gEkfeov+enkfvJIqKK1pASn/XGo6KKyqAWKKKKoCOPvUcJg83yA/mSUUVdICSM8/6v95UdFFZVALFFFFUBByTSkwQyRiZ+KKKKUUBafEMX7+OqdFFTUAsUUUVQFepLnyIcefRRU0wJP/RVZ815BZ/690j/AN+iitapmR/2xo//AD+Q/wDff/1qbDq+kTS+RBcJJJ/vUUVnZGt2TTXljZ8TOkf++9FFFFkZH//Z', 'western_rest', 'west2024');

--
-- Indexes for dumped tables
--

--
-- Indexes for table `carts`
--
ALTER TABLE `carts`
  ADD PRIMARY KEY (`ID`),
  ADD KEY `Foreign2` (`ResturantID`);

--
-- Indexes for table `customers`
--
ALTER TABLE `customers`
  ADD PRIMARY KEY (`ID`),
  ADD UNIQUE KEY `Email` (`Email`);

--
-- Indexes for table `orders`
--
ALTER TABLE `orders`
  ADD PRIMARY KEY (`ID`),
  ADD KEY `resturantID` (`resturantID`) USING BTREE,
  ADD KEY `ProductID` (`ProductID`,`resturantID`) USING BTREE;

--
-- Indexes for table `rate`
--
ALTER TABLE `rate`
  ADD PRIMARY KEY (`ID`),
  ADD KEY `Foreign5` (`ResturantID`),
  ADD KEY `CustomerID` (`CustomerID`,`ResturantID`) USING BTREE;

--
-- Indexes for table `resturantproducts`
--
ALTER TABLE `resturantproducts`
  ADD PRIMARY KEY (`productId`,`resturantId`);

--
-- Indexes for table `resturants`
--
ALTER TABLE `resturants`
  ADD PRIMARY KEY (`ID`);

--
-- AUTO_INCREMENT for dumped tables
--

--
-- AUTO_INCREMENT for table `carts`
--
ALTER TABLE `carts`
  MODIFY `ID` int(11) NOT NULL AUTO_INCREMENT;

--
-- AUTO_INCREMENT for table `customers`
--
ALTER TABLE `customers`
  MODIFY `ID` int(11) NOT NULL AUTO_INCREMENT, AUTO_INCREMENT=12;

--
-- AUTO_INCREMENT for table `orders`
--
ALTER TABLE `orders`
  MODIFY `ID` int(11) NOT NULL AUTO_INCREMENT;

--
-- AUTO_INCREMENT for table `rate`
--
ALTER TABLE `rate`
  MODIFY `ID` int(11) NOT NULL AUTO_INCREMENT, AUTO_INCREMENT=22;

--
-- AUTO_INCREMENT for table `resturants`
--
ALTER TABLE `resturants`
  MODIFY `ID` int(11) NOT NULL AUTO_INCREMENT, AUTO_INCREMENT=7;

--
-- Constraints for dumped tables
--

--
-- Constraints for table `carts`
--
ALTER TABLE `carts`
  ADD CONSTRAINT `Foreign2` FOREIGN KEY (`ResturantID`) REFERENCES `resturants` (`ID`) ON DELETE RESTRICT ON UPDATE RESTRICT;

--
-- Constraints for table `orders`
--
ALTER TABLE `orders`
  ADD CONSTRAINT `Foreign3` FOREIGN KEY (`ProductID`) REFERENCES `products` (`ID`) ON DELETE RESTRICT ON UPDATE RESTRICT,
  ADD CONSTRAINT `Foreign6` FOREIGN KEY (`resturantID`) REFERENCES `resturants` (`ID`) ON DELETE RESTRICT ON UPDATE RESTRICT;
COMMIT;

/*!40101 SET CHARACTER_SET_CLIENT=@OLD_CHARACTER_SET_CLIENT */;
/*!40101 SET CHARACTER_SET_RESULTS=@OLD_CHARACTER_SET_RESULTS */;
/*!40101 SET COLLATION_CONNECTION=@OLD_COLLATION_CONNECTION */;
